1	Inbound	31	41
1	Inbound	33	37
1	Inbound	35	44
1	Inbound	36	39
1	Inbound	38	42
1	Inbound	39	46
1	Inbound	40	44
1	Inbound	41	51
1	Inbound	42	50
1	Inbound	43	51
1	Inbound	44	61
1	Inbound	45	57
1	Inbound	46	55
1	Inbound	47	64
1	Inbound	48	59
1	Inbound	49	61
1	Inbound	50	57
1	Inbound	51	62
1	Inbound	52	57
1	Inbound	53	59
1	Inbound	54	58
1	Inbound	55	52
1	Inbound	56	54
1	Inbound	57	64
1	Inbound	58	60
1	Inbound	59	69
1	Inbound	61	76
1	Inbound	62	63
1	Inbound	63	64
1	Inbound	65	70
1	Inbound	66	62
1	Inbound	68	59
1	Inbound	69	62
1	Inbound	71	74
1	Inbound	72	67
1	Inbound	74	59
1	Inbound	75	57
1	Inbound	77	71
1	Inbound	78	64
1	Inbound	80	71
1	Inbound	81	74
1	Inbound	83	73
1	Inbound	84	74
1	Inbound	85	64
1	Inbound	86	81
1	Inbound	87	26
1	Inbound	88	80
1	Inbound	89	72
1	Inbound	90	74
1	Inbound	91	78
1	Inbound	92	73
1	Inbound	93	70
1	Inbound	95	73
1	Inbound	96	74
1	Inbound	97	77
1	Inbound	98	82
1	Inbound	99	67
1	Inbound	100	70
1	Inbound	101	63
1	Inbound	102	62
1	Inbound	103	64
1	Inbound	104	75
1	Inbound	105	67
1	Inbound	106	69
1	Inbound	107	65
1	Inbound	108	46
1	Inbound	109	54
1	Inbound	110	84
1	Inbound	111	57
1	Inbound	112	51
1	Inbound	113	66
1	Inbound	114	54
1	Inbound	115	61
1	Inbound	116	51
1	Inbound	117	55
1	Inbound	118	43
1	Inbound	119	54
1	Inbound	120	52
1	Inbound	121	55
1	Inbound	122	50
1	Inbound	123	54
1	Inbound	124	60
1	Inbound	126	62
1	Inbound	127	55
1	Inbound	128	58
1	Inbound	130	53
1	Inbound	131	53
1	Inbound	132	49
1	Inbound	134	52
1	Inbound	135	50
1	Inbound	136	37
1	Inbound	137	53
1	Inbound	139	47
1	Inbound	140	42
1	Inbound	141	39
1	Inbound	143	42
1	Inbound	144	42
1	Inbound	145	33
1	Inbound	147	35
1	Inbound	148	43
1	Inbound	149	40
1	Inbound	151	47
1	Inbound	153	38
1	Inbound	156	42
1	Inbound	158	34
1	Inbound	160	68
1	Outbound	27	33
1	Outbound	29	36
1	Outbound	31	35
1	Outbound	33	35
1	Outbound	34	45
1	Outbound	36	38
1	Outbound	37	38
1	Outbound	38	42
1	Outbound	39	44
1	Outbound	40	42
1	Outbound	41	48
1	Outbound	42	52
1	Outbound	43	52
1	Outbound	44	59
1	Outbound	45	53
1	Outbound	46	59
1	Outbound	47	65
1	Outbound	48	61
1	Outbound	49	73
1	Outbound	50	58
1	Outbound	51	62
1	Outbound	52	57
1	Outbound	53	57
1	Outbound	54	54
1	Outbound	55	61
1	Outbound	56	60
1	Outbound	57	66
1	Outbound	58	57
1	Outbound	59	54
1	Outbound	60	58
1	Outbound	62	63
1	Outbound	63	62
1	Outbound	65	61
1	Outbound	66	62
1	Outbound	68	65
1	Outbound	69	60
1	Outbound	71	68
1	Outbound	72	69
1	Outbound	74	66
1	Outbound	75	63
1	Outbound	77	72
1	Outbound	78	59
1	Outbound	80	67
1	Outbound	81	68
1	Outbound	83	55
1	Outbound	84	59
1	Outbound	85	60
1	Outbound	87	61
1	Outbound	88	64
1	Outbound	89	58
1	Outbound	90	55
1	Outbound	91	54
1	Outbound	92	63
1	Outbound	93	69
1	Outbound	94	66
1	Outbound	95	64
1	Outbound	96	59
1	Outbound	97	56
1	Outbound	98	60
1	Outbound	99	67
1	Outbound	100	71
1	Outbound	101	75
1	Outbound	102	64
1	Outbound	103	73
1	Outbound	104	69
1	Outbound	105	79
1	Outbound	106	63
1	Outbound	107	65
1	Outbound	108	61
1	Outbound	109	64
1	Outbound	110	68
1	Outbound	111	68
1	Outbound	112	53
1	Outbound	113	57
1	Outbound	114	50
1	Outbound	115	60
1	Outbound	116	56
1	Outbound	117	48
1	Outbound	118	54
1	Outbound	119	54
1	Outbound	120	55
1	Outbound	121	53
1	Outbound	123	50
1	Outbound	124	54
1	Outbound	125	52
1	Outbound	126	57
1	Outbound	128	59
1	Outbound	129	45
1	Outbound	130	51
1	Outbound	132	58
1	Outbound	133	48
1	Outbound	134	63
1	Outbound	136	49
1	Outbound	137	48
1	Outbound	138	48
1	Outbound	139	50
1	Outbound	141	44
1	Outbound	142	51
1	Outbound	143	42
1	Outbound	145	34
1	Outbound	146	33
1	Outbound	147	34
1	Outbound	150	50
1	Outbound	152	36
1	Outbound	155	35
1	Outbound	157	46
1	Outbound	159	27
1	Outbound	161	58
15	Inbound	20	22
15	Inbound	23	28
15	Inbound	31	25
15	Inbound	32	20
15	Inbound	34	26
15	Inbound	35	30
15	Inbound	36	29
15	Inbound	37	29
15	Inbound	38	29
15	Inbound	39	30
15	Inbound	40	33
15	Inbound	41	32
15	Inbound	42	35
15	Inbound	43	33
15	Inbound	44	37
15	Inbound	45	34
15	Inbound	46	31
15	Inbound	47	31
15	Inbound	48	34
15	Inbound	49	30
15	Inbound	50	34
15	Inbound	51	31
15	Inbound	52	36
15	Inbound	53	34
15	Inbound	54	37
15	Inbound	55	38
15	Inbound	56	40
15	Inbound	57	37
15	Inbound	59	44
15	Inbound	60	49
15	Inbound	62	38
15	Inbound	63	38
15	Inbound	64	45
15	Inbound	65	38
15	Inbound	67	39
15	Inbound	68	40
15	Inbound	70	40
15	Inbound	72	46
15	Inbound	73	45
15	Inbound	74	8
15	Inbound	75	46
15	Inbound	77	45
15	Inbound	78	47
15	Inbound	80	44
15	Inbound	81	4
15	Inbound	82	39
15	Inbound	83	38
15	Inbound	84	52
15	Inbound	85	50
15	Inbound	86	40
15	Inbound	87	41
15	Inbound	88	41
15	Inbound	89	37
15	Inbound	90	31
15	Inbound	91	35
15	Inbound	92	44
15	Inbound	93	37
15	Inbound	94	36
15	Inbound	95	38
15	Inbound	96	38
15	Inbound	97	39
15	Inbound	98	38
15	Inbound	99	45
15	Inbound	100	33
15	Inbound	101	33
15	Inbound	102	42
15	Inbound	103	38
15	Inbound	104	36
15	Inbound	105	36
15	Inbound	106	40
15	Inbound	107	32
15	Inbound	108	34
15	Inbound	109	38
15	Inbound	110	31
15	Inbound	111	36
15	Inbound	113	39
15	Inbound	114	30
15	Inbound	115	34
15	Inbound	116	31
15	Inbound	117	50
15	Inbound	119	46
15	Inbound	121	57
15	Inbound	123	48
15	Inbound	125	37
15	Inbound	127	43
15	Inbound	129	37
15	Inbound	131	35
15	Inbound	133	34
15	Inbound	135	34
15	Inbound	137	39
15	Inbound	139	32
15	Inbound	141	36
15	Inbound	143	37
15	Inbound	144	4
15	Inbound	145	33
15	Inbound	147	29
15	Inbound	149	31
15	Inbound	151	30
15	Inbound	153	28
15	Inbound	154	27
15	Inbound	156	26
15	Inbound	157	24
15	Inbound	159	21
15	Outbound	33	28
15	Outbound	34	27
15	Outbound	36	30
15	Outbound	37	28
15	Outbound	39	30
15	Outbound	40	29
15	Outbound	41	32
15	Outbound	42	29
15	Outbound	43	32
15	Outbound	44	38
15	Outbound	45	39
15	Outbound	46	29
15	Outbound	47	35
15	Outbound	48	30
15	Outbound	49	35
15	Outbound	50	31
15	Outbound	51	34
15	Outbound	52	32
15	Outbound	53	33
15	Outbound	54	34
15	Outbound	55	42
15	Outbound	56	39
15	Outbound	58	35
15	Outbound	59	36
15	Outbound	60	40
15	Outbound	62	33
15	Outbound	63	40
15	Outbound	65	53
15	Outbound	67	47
15	Outbound	68	39
15	Outbound	70	41
15	Outbound	71	45
15	Outbound	73	42
15	Outbound	75	46
15	Outbound	76	45
15	Outbound	78	49
15	Outbound	80	48
15	Outbound	82	47
15	Outbound	83	47
15	Outbound	84	50
15	Outbound	85	45
15	Outbound	86	47
15	Outbound	87	52
15	Outbound	88	52
15	Outbound	89	50
15	Outbound	90	44
15	Outbound	91	49
15	Outbound	92	49
15	Outbound	93	40
15	Outbound	94	51
15	Outbound	95	53
15	Outbound	96	47
15	Outbound	97	46
15	Outbound	98	50
15	Outbound	99	50
15	Outbound	100	53
15	Outbound	101	46
15	Outbound	102	55
15	Outbound	103	51
15	Outbound	104	43
15	Outbound	105	33
15	Outbound	106	39
15	Outbound	107	43
15	Outbound	108	39
15	Outbound	109	48
15	Outbound	110	39
15	Outbound	111	43
15	Outbound	112	43
15	Outbound	114	59
15	Outbound	115	60
15	Outbound	117	48
15	Outbound	120	46
15	Outbound	122	41
15	Outbound	124	39
15	Outbound	126	39
15	Outbound	128	42
15	Outbound	130	40
15	Outbound	132	39
15	Outbound	134	42
15	Outbound	136	42
15	Outbound	138	43
15	Outbound	140	43
15	Outbound	142	38
15	Outbound	144	40
15	Outbound	147	34
15	Outbound	150	53
15	Outbound	152	26
15	Outbound	153	26
15	Outbound	155	23
15	Outbound	156	22
15	Outbound	158	21
15	Outbound	159	44
22	Inbound	29	39
22	Inbound	32	38
22	Inbound	34	42
22	Inbound	36	50
22	Inbound	37	46
22	Inbound	38	48
22	Inbound	39	56
22	Inbound	40	48
22	Inbound	41	55
22	Inbound	42	56
22	Inbound	43	56
22	Inbound	44	57
22	Inbound	45	54
22	Inbound	46	51
22	Inbound	47	49
22	Inbound	48	46
22	Inbound	49	54
22	Inbound	50	46
22	Inbound	51	42
22	Inbound	52	56
22	Inbound	53	51
22	Inbound	55	54
22	Inbound	56	61
22	Inbound	58	57
22	Inbound	59	58
22	Inbound	61	60
22	Inbound	62	65
22	Inbound	63	59
22	Inbound	65	53
22	Inbound	66	55
22	Inbound	68	66
22	Inbound	69	61
22	Inbound	70	66
22	Inbound	72	58
22	Inbound	73	70
22	Inbound	75	55
22	Inbound	76	67
22	Inbound	78	66
22	Inbound	79	63
22	Inbound	81	65
22	Inbound	82	68
22	Inbound	83	64
22	Inbound	84	52
22	Inbound	85	61
22	Inbound	87	45
22	Inbound	88	58
22	Inbound	90	62
22	Inbound	91	65
22	Inbound	93	49
22	Inbound	94	60
22	Inbound	96	64
22	Inbound	97	66
22	Inbound	99	66
22	Inbound	100	61
22	Inbound	101	55
22	Inbound	102	52
22	Inbound	103	51
22	Inbound	104	52
22	Inbound	105	52
22	Inbound	106	52
22	Inbound	107	52
22	Inbound	108	50
22	Inbound	109	57
22	Inbound	110	49
22	Inbound	111	52
22	Inbound	112	51
22	Inbound	113	48
22	Inbound	115	49
22	Inbound	117	59
22	Inbound	118	56
22	Inbound	120	50
22	Inbound	122	50
22	Inbound	123	45
22	Inbound	125	54
22	Inbound	127	46
22	Inbound	128	42
22	Inbound	130	42
22	Inbound	132	42
22	Inbound	134	41
22	Inbound	135	46
22	Inbound	137	42
22	Inbound	139	40
22	Inbound	141	39
22	Inbound	143	38
22	Inbound	145	34
22	Inbound	147	41
22	Inbound	149	34
22	Inbound	151	32
22	Inbound	153	35
22	Inbound	155	44
22	Inbound	156	34
22	Inbound	158	28
22	Inbound	159	32
22	Outbound	32	29
22	Outbound	34	29
22	Outbound	36	35
22	Outbound	37	38
22	Outbound	38	33
22	Outbound	39	42
22	Outbound	40	35
22	Outbound	41	39
22	Outbound	42	41
22	Outbound	43	40
22	Outbound	44	33
22	Outbound	45	44
22	Outbound	46	43
22	Outbound	47	42
22	Outbound	48	41
22	Outbound	49	46
22	Outbound	50	40
22	Outbound	51	48
22	Outbound	52	46
22	Outbound	53	40
22	Outbound	54	50
22	Outbound	56	44
22	Outbound	57	37
22	Outbound	58	41
22	Outbound	59	41
22	Outbound	60	48
22	Outbound	62	50
22	Outbound	63	47
22	Outbound	64	50
22	Outbound	66	71
22	Outbound	67	36
22	Outbound	69	83
22	Outbound	70	67
22	Outbound	71	72
22	Outbound	73	65
22	Outbound	74	52
22	Outbound	76	52
22	Outbound	77	68
22	Outbound	79	43
22	Outbound	80	54
22	Outbound	82	60
22	Outbound	83	38
22	Outbound	84	49
22	Outbound	85	69
22	Outbound	86	61
22	Outbound	87	59
22	Outbound	88	58
22	Outbound	89	64
22	Outbound	91	60
22	Outbound	92	68
22	Outbound	93	64
22	Outbound	94	68
22	Outbound	95	45
22	Outbound	96	52
22	Outbound	97	59
22	Outbound	98	58
22	Outbound	99	61
22	Outbound	100	56
22	Outbound	101	55
22	Outbound	102	52
22	Outbound	103	56
22	Outbound	104	60
22	Outbound	105	47
22	Outbound	106	57
22	Outbound	107	55
22	Outbound	108	58
22	Outbound	109	50
22	Outbound	110	44
22	Outbound	111	48
22	Outbound	112	46
22	Outbound	114	45
22	Outbound	115	48
22	Outbound	117	48
22	Outbound	119	46
22	Outbound	120	47
22	Outbound	122	53
22	Outbound	124	51
22	Outbound	126	46
22	Outbound	127	43
22	Outbound	129	39
22	Outbound	131	43
22	Outbound	132	46
22	Outbound	134	44
22	Outbound	136	42
22	Outbound	138	43
22	Outbound	140	41
22	Outbound	142	39
22	Outbound	144	40
22	Outbound	146	37
22	Outbound	148	32
22	Outbound	153	29
22	Outbound	155	38
22	Outbound	156	30
22	Outbound	158	28
23	Inbound	30	34
23	Inbound	32	33
23	Inbound	33	37
23	Inbound	34	41
23	Inbound	35	53
23	Inbound	36	42
23	Inbound	37	44
23	Inbound	38	43
23	Inbound	39	45
23	Inbound	40	56
23	Inbound	41	48
23	Inbound	42	54
23	Inbound	43	50
23	Inbound	44	53
23	Inbound	45	54
23	Inbound	46	52
23	Inbound	47	48
23	Inbound	48	48
23	Inbound	49	50
23	Inbound	50	50
23	Inbound	51	46
23	Inbound	52	57
23	Inbound	53	55
23	Inbound	54	59
23	Inbound	55	57
23	Inbound	56	58
23	Inbound	57	51
23	Inbound	58	58
23	Inbound	59	53
23	Inbound	61	57
23	Inbound	62	54
23	Inbound	63	56
23	Inbound	64	59
23	Inbound	65	54
23	Inbound	66	54
23	Inbound	68	63
23	Inbound	69	53
23	Inbound	70	54
23	Inbound	71	58
23	Inbound	72	62
23	Inbound	73	65
23	Inbound	75	61
23	Inbound	76	60
23	Inbound	77	57
23	Inbound	78	62
23	Inbound	79	62
23	Inbound	81	58
23	Inbound	82	48
23	Inbound	83	66
23	Inbound	84	59
23	Inbound	85	47
23	Inbound	86	62
23	Inbound	87	53
23	Inbound	88	58
23	Inbound	89	64
23	Inbound	90	64
23	Inbound	91	54
23	Inbound	92	62
23	Inbound	93	56
23	Inbound	94	56
23	Inbound	95	55
23	Inbound	96	67
23	Inbound	97	64
23	Inbound	98	60
23	Inbound	99	59
23	Inbound	100	60
23	Inbound	101	61
23	Inbound	102	62
23	Inbound	103	58
23	Inbound	104	52
23	Inbound	105	53
23	Inbound	106	50
23	Inbound	107	52
23	Inbound	108	50
23	Inbound	109	56
23	Inbound	110	50
23	Inbound	111	51
23	Inbound	112	47
23	Inbound	113	50
23	Inbound	114	56
23	Inbound	115	51
23	Inbound	116	44
23	Inbound	117	51
23	Inbound	119	49
23	Inbound	120	51
23	Inbound	122	57
23	Inbound	123	53
23	Inbound	125	50
23	Inbound	126	44
23	Inbound	128	46
23	Inbound	129	43
23	Inbound	131	45
23	Inbound	132	43
23	Inbound	134	47
23	Inbound	136	46
23	Inbound	138	49
23	Inbound	140	42
23	Inbound	142	35
23	Inbound	144	38
23	Inbound	145	39
23	Inbound	147	39
23	Inbound	150	35
23	Inbound	152	27
23	Inbound	153	36
23	Inbound	155	36
23	Inbound	156	27
23	Inbound	158	24
23	Inbound	159	35
23	Inbound	161	59
23	Outbound	29	31
23	Outbound	31	36
23	Outbound	33	26
23	Outbound	34	39
23	Outbound	36	39
23	Outbound	37	41
23	Outbound	38	41
23	Outbound	39	39
23	Outbound	40	40
23	Outbound	41	38
23	Outbound	42	43
23	Outbound	43	47
23	Outbound	44	47
23	Outbound	45	49
23	Outbound	46	45
23	Outbound	47	45
23	Outbound	48	49
23	Outbound	49	43
23	Outbound	50	48
23	Outbound	51	50
23	Outbound	52	46
23	Outbound	53	50
23	Outbound	54	53
23	Outbound	55	46
23	Outbound	56	58
23	Outbound	58	52
23	Outbound	59	49
23	Outbound	60	53
23	Outbound	61	55
23	Outbound	62	60
23	Outbound	63	62
23	Outbound	64	52
23	Outbound	65	64
23	Outbound	66	75
23	Outbound	68	60
23	Outbound	69	63
23	Outbound	70	59
23	Outbound	71	58
23	Outbound	72	54
23	Outbound	73	58
23	Outbound	74	58
23	Outbound	75	55
23	Outbound	77	60
23	Outbound	78	58
23	Outbound	79	63
23	Outbound	80	46
23	Outbound	81	60
23	Outbound	82	56
23	Outbound	83	64
23	Outbound	84	57
23	Outbound	85	52
23	Outbound	86	63
23	Outbound	87	61
23	Outbound	88	65
23	Outbound	89	52
23	Outbound	90	62
23	Outbound	91	63
23	Outbound	92	64
23	Outbound	93	67
23	Outbound	94	60
23	Outbound	95	70
23	Outbound	96	81
23	Outbound	97	70
23	Outbound	98	70
23	Outbound	99	69
23	Outbound	100	60
23	Outbound	101	68
23	Outbound	102	62
23	Outbound	103	68
23	Outbound	104	53
23	Outbound	105	60
23	Outbound	106	61
23	Outbound	107	60
23	Outbound	108	52
23	Outbound	109	57
23	Outbound	110	55
23	Outbound	111	61
23	Outbound	112	50
23	Outbound	113	60
23	Outbound	114	52
23	Outbound	115	50
23	Outbound	117	56
23	Outbound	118	56
23	Outbound	119	53
23	Outbound	121	52
23	Outbound	122	48
23	Outbound	124	49
23	Outbound	125	53
23	Outbound	126	0
23	Outbound	127	46
23	Outbound	128	46
23	Outbound	130	40
23	Outbound	131	44
23	Outbound	133	52
23	Outbound	135	51
23	Outbound	136	50
23	Outbound	138	39
23	Outbound	140	45
23	Outbound	142	45
23	Outbound	144	33
23	Outbound	146	40
23	Outbound	148	38
23	Outbound	150	46
23	Outbound	152	37
23	Outbound	153	30
23	Outbound	155	37
23	Outbound	156	27
23	Outbound	158	25
28	Inbound	20	28
28	Inbound	23	34
28	Inbound	28	36
28	Inbound	30	45
28	Inbound	32	43
28	Inbound	34	42
28	Inbound	36	51
28	Inbound	37	48
28	Inbound	38	51
28	Inbound	39	58
28	Inbound	40	54
28	Inbound	41	59
28	Inbound	42	57
28	Inbound	43	64
28	Inbound	44	57
28	Inbound	45	59
28	Inbound	46	59
28	Inbound	47	62
28	Inbound	48	57
28	Inbound	49	56
28	Inbound	50	60
28	Inbound	51	52
28	Inbound	52	59
28	Inbound	53	62
28	Inbound	54	58
28	Inbound	55	58
28	Inbound	56	57
28	Inbound	57	62
28	Inbound	58	55
28	Inbound	59	63
28	Inbound	60	54
28	Inbound	61	56
28	Inbound	62	63
28	Inbound	64	72
28	Inbound	65	52
28	Inbound	66	55
28	Inbound	67	62
28	Inbound	68	63
28	Inbound	69	72
28	Inbound	70	61
28	Inbound	71	69
28	Inbound	72	66
28	Inbound	73	62
28	Inbound	74	53
28	Inbound	75	65
28	Inbound	76	63
28	Inbound	77	63
28	Inbound	78	54
28	Inbound	79	67
28	Inbound	80	67
28	Inbound	81	63
28	Inbound	82	66
28	Inbound	83	60
28	Inbound	84	57
28	Inbound	85	61
28	Inbound	86	65
28	Inbound	87	61
28	Inbound	88	64
28	Inbound	89	64
28	Inbound	90	60
28	Inbound	91	62
28	Inbound	92	68
28	Inbound	93	69
28	Inbound	94	64
28	Inbound	95	63
28	Inbound	96	61
28	Inbound	97	71
28	Inbound	98	65
28	Inbound	99	62
28	Inbound	100	69
28	Inbound	101	62
28	Inbound	102	57
28	Inbound	103	67
28	Inbound	104	60
28	Inbound	105	53
28	Inbound	106	62
28	Inbound	107	59
28	Inbound	108	62
28	Inbound	109	55
28	Inbound	110	54
28	Inbound	111	52
28	Inbound	112	53
28	Inbound	113	57
28	Inbound	114	63
28	Inbound	115	52
28	Inbound	116	55
28	Inbound	117	51
28	Inbound	119	52
28	Inbound	120	48
28	Inbound	121	51
28	Inbound	122	14
28	Inbound	123	39
28	Inbound	124	48
28	Inbound	126	50
28	Inbound	128	53
28	Inbound	130	47
28	Inbound	132	49
28	Inbound	134	41
28	Inbound	136	44
28	Inbound	138	45
28	Inbound	140	44
28	Inbound	142	43
28	Inbound	144	43
28	Inbound	146	45
28	Inbound	148	41
28	Inbound	151	45
28	Inbound	154	48
28	Inbound	156	35
28	Inbound	158	31
28	Outbound	34	39
28	Outbound	36	39
28	Outbound	37	43
28	Outbound	39	47
28	Outbound	41	51
28	Outbound	42	45
28	Outbound	43	56
28	Outbound	44	52
28	Outbound	45	51
28	Outbound	46	55
28	Outbound	47	49
28	Outbound	48	45
28	Outbound	49	55
28	Outbound	50	49
28	Outbound	51	54
28	Outbound	52	61
28	Outbound	53	54
28	Outbound	54	48
28	Outbound	55	55
28	Outbound	56	53
28	Outbound	57	55
28	Outbound	58	54
28	Outbound	59	62
28	Outbound	60	57
28	Outbound	61	59
28	Outbound	62	53
28	Outbound	63	58
28	Outbound	64	61
28	Outbound	65	63
28	Outbound	66	59
28	Outbound	67	67
28	Outbound	68	58
28	Outbound	69	64
28	Outbound	71	45
28	Outbound	72	62
28	Outbound	73	72
28	Outbound	74	68
28	Outbound	75	71
28	Outbound	76	64
28	Outbound	77	63
28	Outbound	78	52
28	Outbound	79	71
28	Outbound	80	74
28	Outbound	81	70
28	Outbound	82	76
28	Outbound	83	70
28	Outbound	84	66
28	Outbound	85	68
28	Outbound	86	78
28	Outbound	87	75
28	Outbound	88	73
28	Outbound	89	67
28	Outbound	90	75
28	Outbound	91	67
28	Outbound	92	78
28	Outbound	93	77
28	Outbound	94	69
28	Outbound	95	74
28	Outbound	96	79
28	Outbound	97	85
28	Outbound	98	73
28	Outbound	99	78
28	Outbound	100	79
28	Outbound	101	72
28	Outbound	102	77
28	Outbound	103	69
28	Outbound	104	69
28	Outbound	105	54
28	Outbound	106	59
28	Outbound	107	60
28	Outbound	108	69
28	Outbound	109	58
28	Outbound	110	50
28	Outbound	111	55
28	Outbound	112	63
28	Outbound	113	50
28	Outbound	114	54
28	Outbound	115	55
28	Outbound	116	53
28	Outbound	117	68
28	Outbound	119	56
28	Outbound	120	52
28	Outbound	121	49
28	Outbound	122	54
28	Outbound	124	49
28	Outbound	126	51
28	Outbound	128	51
28	Outbound	130	49
28	Outbound	132	47
28	Outbound	134	54
28	Outbound	136	52
28	Outbound	138	46
28	Outbound	140	46
28	Outbound	142	47
28	Outbound	144	50
28	Outbound	146	46
28	Outbound	148	62
28	Outbound	150	54
28	Outbound	152	43
28	Outbound	154	32
28	Outbound	157	31
28	Outbound	159	72
32	Inbound	29	27
32	Inbound	31	24
32	Inbound	32	23
32	Inbound	33	26
32	Inbound	34	25
32	Inbound	35	21
32	Inbound	36	25
32	Inbound	37	25
32	Inbound	38	21
32	Inbound	39	33
32	Inbound	40	25
32	Inbound	41	27
32	Inbound	42	30
32	Inbound	43	27
32	Inbound	44	35
32	Inbound	45	29
32	Inbound	46	26
32	Inbound	47	28
32	Inbound	48	30
32	Inbound	49	28
32	Inbound	50	31
32	Inbound	51	26
32	Inbound	52	30
32	Inbound	53	31
32	Inbound	54	29
32	Inbound	55	28
32	Inbound	56	36
32	Inbound	57	32
32	Inbound	59	35
32	Inbound	60	36
32	Inbound	61	34
32	Inbound	62	38
32	Inbound	63	38
32	Inbound	65	36
32	Inbound	66	42
32	Inbound	67	41
32	Inbound	68	37
32	Inbound	69	39
32	Inbound	71	34
32	Inbound	72	39
32	Inbound	73	35
32	Inbound	75	39
32	Inbound	76	38
32	Inbound	77	35
32	Inbound	79	40
32	Inbound	80	34
32	Inbound	81	34
32	Inbound	82	49
32	Inbound	83	17
32	Inbound	84	43
32	Inbound	85	34
32	Inbound	86	33
32	Inbound	87	42
32	Inbound	88	32
32	Inbound	89	37
32	Inbound	90	40
32	Inbound	91	36
32	Inbound	92	32
32	Inbound	93	32
32	Inbound	94	29
32	Inbound	95	33
32	Inbound	96	34
32	Inbound	97	29
32	Inbound	98	32
32	Inbound	99	29
32	Inbound	100	27
32	Inbound	101	27
32	Inbound	102	25
32	Inbound	103	24
32	Inbound	104	30
32	Inbound	105	24
32	Inbound	106	27
32	Inbound	107	29
32	Inbound	108	26
32	Inbound	109	27
32	Inbound	110	29
32	Inbound	111	26
32	Inbound	112	26
32	Inbound	113	23
32	Inbound	114	29
32	Inbound	115	27
32	Inbound	116	31
32	Inbound	117	30
32	Inbound	118	18
32	Inbound	119	29
32	Inbound	120	31
32	Inbound	121	33
32	Inbound	122	15
32	Inbound	123	33
32	Inbound	125	36
32	Inbound	127	41
32	Inbound	128	21
32	Inbound	130	47
32	Inbound	131	21
32	Inbound	133	29
32	Inbound	134	19
32	Inbound	136	24
32	Inbound	137	17
32	Inbound	139	24
32	Inbound	140	19
32	Inbound	142	21
32	Inbound	145	19
32	Inbound	148	21
32	Inbound	150	22
32	Inbound	152	24
32	Inbound	154	12
32	Inbound	155	26
32	Inbound	157	23
32	Outbound	27	16
32	Outbound	29	23
32	Outbound	31	20
32	Outbound	32	16
32	Outbound	33	36
32	Outbound	34	22
32	Outbound	35	23
32	Outbound	36	25
32	Outbound	37	20
32	Outbound	38	27
32	Outbound	39	25
32	Outbound	40	24
32	Outbound	41	26
32	Outbound	42	28
32	Outbound	43	28
32	Outbound	44	32
32	Outbound	45	28
32	Outbound	46	28
32	Outbound	47	30
32	Outbound	48	32
32	Outbound	49	29
32	Outbound	50	31
32	Outbound	51	29
32	Outbound	52	29
32	Outbound	53	27
32	Outbound	54	26
32	Outbound	55	35
32	Outbound	56	36
32	Outbound	57	34
32	Outbound	59	33
32	Outbound	60	31
32	Outbound	61	38
32	Outbound	62	34
32	Outbound	63	32
32	Outbound	64	31
32	Outbound	66	29
32	Outbound	67	35
32	Outbound	68	34
32	Outbound	69	35
32	Outbound	71	36
32	Outbound	72	38
32	Outbound	73	35
32	Outbound	75	38
32	Outbound	76	35
32	Outbound	77	31
32	Outbound	78	36
32	Outbound	80	38
32	Outbound	81	45
32	Outbound	82	34
32	Outbound	84	34
32	Outbound	85	30
32	Outbound	86	38
32	Outbound	87	39
32	Outbound	88	38
32	Outbound	89	36
32	Outbound	90	38
32	Outbound	91	38
32	Outbound	92	36
32	Outbound	93	34
32	Outbound	94	36
32	Outbound	95	35
32	Outbound	96	36
32	Outbound	97	37
32	Outbound	98	34
32	Outbound	99	30
32	Outbound	100	36
32	Outbound	101	36
32	Outbound	102	37
32	Outbound	103	32
32	Outbound	104	36
32	Outbound	105	35
32	Outbound	106	39
32	Outbound	107	34
32	Outbound	108	35
32	Outbound	109	35
32	Outbound	110	30
32	Outbound	111	34
32	Outbound	112	34
32	Outbound	113	30
32	Outbound	114	34
32	Outbound	115	32
32	Outbound	116	27
32	Outbound	117	32
32	Outbound	118	32
32	Outbound	119	33
32	Outbound	120	24
32	Outbound	121	32
32	Outbound	122	33
32	Outbound	123	23
32	Outbound	125	38
32	Outbound	126	27
32	Outbound	128	37
32	Outbound	129	31
32	Outbound	131	35
32	Outbound	132	28
32	Outbound	134	30
32	Outbound	135	30
32	Outbound	137	24
32	Outbound	138	28
32	Outbound	140	33
32	Outbound	141	32
32	Outbound	142	9
32	Outbound	143	28
32	Outbound	146	29
32	Outbound	148	34
32	Outbound	150	39
32	Outbound	152	44
32	Outbound	153	56
32	Outbound	154	46
32	Outbound	156	22
32	Outbound	157	18
39	Inbound	30	34
39	Inbound	31	31
39	Inbound	32	25
39	Inbound	33	31
39	Inbound	34	39
39	Inbound	35	34
39	Inbound	36	37
39	Inbound	37	36
39	Inbound	38	45
39	Inbound	39	42
39	Inbound	40	44
39	Inbound	41	42
39	Inbound	42	42
39	Inbound	43	45
39	Inbound	44	56
39	Inbound	45	54
39	Inbound	46	53
39	Inbound	47	61
39	Inbound	48	63
39	Inbound	49	58
39	Inbound	50	66
39	Inbound	51	58
39	Inbound	52	56
39	Inbound	53	57
39	Inbound	54	58
39	Inbound	55	56
39	Inbound	56	55
39	Inbound	57	58
39	Inbound	58	50
39	Inbound	59	53
39	Inbound	60	51
39	Inbound	61	50
39	Inbound	62	53
39	Inbound	63	54
39	Inbound	65	56
39	Inbound	66	55
39	Inbound	67	56
39	Inbound	68	51
39	Inbound	69	56
39	Inbound	71	67
39	Inbound	72	62
39	Inbound	73	61
39	Inbound	75	61
39	Inbound	76	60
39	Inbound	77	57
39	Inbound	78	60
39	Inbound	80	61
39	Inbound	81	56
39	Inbound	82	49
39	Inbound	84	65
39	Inbound	85	59
39	Inbound	86	65
39	Inbound	87	62
39	Inbound	88	62
39	Inbound	89	53
39	Inbound	90	68
39	Inbound	91	60
39	Inbound	92	66
39	Inbound	93	18
39	Inbound	94	63
39	Inbound	95	62
39	Inbound	96	68
39	Inbound	97	66
39	Inbound	98	50
39	Inbound	99	57
39	Inbound	100	67
39	Inbound	101	62
39	Inbound	102	70
39	Inbound	103	65
39	Inbound	104	62
39	Inbound	105	61
39	Inbound	106	61
39	Inbound	107	57
39	Inbound	108	62
39	Inbound	109	41
39	Inbound	110	55
39	Inbound	111	75
39	Inbound	112	60
39	Inbound	113	65
39	Inbound	114	57
39	Inbound	115	60
39	Inbound	116	49
39	Inbound	117	60
39	Inbound	118	60
39	Inbound	120	59
39	Inbound	121	39
39	Inbound	122	54
39	Inbound	123	44
39	Inbound	124	31
39	Inbound	126	45
39	Inbound	127	38
39	Inbound	128	35
39	Inbound	129	39
39	Inbound	130	37
39	Inbound	132	35
39	Inbound	133	42
39	Inbound	134	38
39	Inbound	135	36
39	Inbound	136	34
39	Inbound	138	40
39	Inbound	139	39
39	Inbound	140	36
39	Inbound	141	38
39	Inbound	142	36
39	Inbound	144	32
39	Inbound	145	29
39	Inbound	146	22
39	Inbound	147	37
39	Inbound	149	53
39	Inbound	151	36
39	Inbound	152	40
39	Inbound	154	35
39	Inbound	155	31
39	Outbound	32	29
39	Outbound	33	39
39	Outbound	34	35
39	Outbound	35	38
39	Outbound	36	40
39	Outbound	37	36
39	Outbound	38	38
39	Outbound	39	38
39	Outbound	40	41
39	Outbound	41	38
39	Outbound	42	39
39	Outbound	43	46
39	Outbound	44	49
39	Outbound	45	47
39	Outbound	46	46
39	Outbound	47	51
39	Outbound	48	52
39	Outbound	49	51
39	Outbound	50	49
39	Outbound	51	50
39	Outbound	52	46
39	Outbound	53	55
39	Outbound	54	44
39	Outbound	55	51
39	Outbound	56	49
39	Outbound	57	59
39	Outbound	58	51
39	Outbound	60	55
39	Outbound	61	59
39	Outbound	62	49
39	Outbound	63	53
39	Outbound	64	51
39	Outbound	66	52
39	Outbound	67	53
39	Outbound	68	52
39	Outbound	69	48
39	Outbound	70	57
39	Outbound	72	52
39	Outbound	73	53
39	Outbound	74	57
39	Outbound	75	60
39	Outbound	77	57
39	Outbound	78	53
39	Outbound	79	55
39	Outbound	81	53
39	Outbound	82	59
39	Outbound	83	59
39	Outbound	84	63
39	Outbound	85	56
39	Outbound	86	74
39	Outbound	87	48
39	Outbound	88	70
39	Outbound	89	62
39	Outbound	90	57
39	Outbound	91	70
39	Outbound	92	64
39	Outbound	93	69
39	Outbound	94	70
39	Outbound	95	57
39	Outbound	97	68
39	Outbound	98	68
39	Outbound	99	60
39	Outbound	100	68
39	Outbound	101	66
39	Outbound	102	63
39	Outbound	103	61
39	Outbound	104	66
39	Outbound	105	62
39	Outbound	106	56
39	Outbound	107	60
39	Outbound	108	57
39	Outbound	109	59
39	Outbound	110	60
39	Outbound	111	56
39	Outbound	112	59
39	Outbound	113	67
39	Outbound	114	60
39	Outbound	115	60
39	Outbound	116	59
39	Outbound	117	57
39	Outbound	118	61
39	Outbound	119	46
39	Outbound	120	60
39	Outbound	122	61
39	Outbound	123	67
39	Outbound	124	63
39	Outbound	125	53
39	Outbound	126	46
39	Outbound	127	44
39	Outbound	128	47
39	Outbound	130	38
39	Outbound	131	41
39	Outbound	132	44
39	Outbound	133	45
39	Outbound	134	36
39	Outbound	136	38
39	Outbound	137	37
39	Outbound	138	40
39	Outbound	139	35
39	Outbound	140	39
39	Outbound	142	33
39	Outbound	143	35
39	Outbound	144	36
39	Outbound	145	36
39	Outbound	146	38
39	Outbound	148	35
39	Outbound	149	37
39	Outbound	150	47
39	Outbound	152	31
39	Outbound	154	31
39	Outbound	155	34
39	Outbound	157	34
39	Outbound	159	61
57	Inbound	30	28
57	Inbound	32	38
57	Inbound	34	33
57	Inbound	36	40
57	Inbound	37	35
57	Inbound	38	46
57	Inbound	39	41
57	Inbound	40	44
57	Inbound	41	51
57	Inbound	42	48
57	Inbound	43	46
57	Inbound	44	55
57	Inbound	45	66
57	Inbound	46	61
57	Inbound	47	54
57	Inbound	48	57
57	Inbound	49	53
57	Inbound	50	51
57	Inbound	51	50
57	Inbound	52	57
57	Inbound	54	54
57	Inbound	55	59
57	Inbound	56	52
57	Inbound	57	60
57	Inbound	58	52
57	Inbound	59	58
57	Inbound	60	50
57	Inbound	61	56
57	Inbound	62	51
57	Inbound	63	48
57	Inbound	64	57
57	Inbound	65	58
57	Inbound	66	65
57	Inbound	67	67
57	Inbound	68	65
57	Inbound	69	60
57	Inbound	70	56
57	Inbound	71	54
57	Inbound	72	57
57	Inbound	73	58
57	Inbound	74	61
57	Inbound	75	57
57	Inbound	76	48
57	Inbound	77	54
57	Inbound	78	44
57	Inbound	79	53
57	Inbound	80	50
57	Inbound	81	52
57	Inbound	82	54
57	Inbound	83	49
57	Inbound	85	46
57	Inbound	86	61
57	Inbound	87	67
57	Inbound	88	65
57	Inbound	89	64
57	Inbound	90	62
57	Inbound	91	63
57	Inbound	92	65
57	Inbound	93	60
57	Inbound	94	63
57	Inbound	95	62
57	Inbound	96	60
57	Inbound	97	66
57	Inbound	98	59
57	Inbound	99	63
57	Inbound	100	47
57	Inbound	101	64
57	Inbound	102	61
57	Inbound	104	66
57	Inbound	105	62
57	Inbound	106	65
57	Inbound	107	61
57	Inbound	108	60
57	Inbound	109	61
57	Inbound	111	61
57	Inbound	112	58
57	Inbound	113	67
57	Inbound	114	56
57	Inbound	115	54
57	Inbound	116	51
57	Inbound	118	52
57	Inbound	119	57
57	Inbound	120	58
57	Inbound	121	45
57	Inbound	123	46
57	Inbound	124	59
57	Inbound	125	45
57	Inbound	126	42
57	Inbound	128	49
57	Inbound	129	42
57	Inbound	130	44
57	Inbound	132	51
57	Inbound	133	42
57	Inbound	135	46
57	Inbound	137	46
57	Inbound	139	48
57	Inbound	140	0
57	Inbound	141	47
57	Inbound	143	41
57	Inbound	145	36
57	Inbound	147	47
57	Inbound	148	36
57	Inbound	150	38
57	Inbound	152	29
57	Inbound	154	28
57	Inbound	156	30
57	Outbound	33	29
57	Outbound	35	35
57	Outbound	37	35
57	Outbound	38	26
57	Outbound	40	47
57	Outbound	41	50
57	Outbound	42	44
57	Outbound	43	44
57	Outbound	44	54
57	Outbound	45	48
57	Outbound	46	54
57	Outbound	47	56
57	Outbound	49	49
57	Outbound	50	45
57	Outbound	51	51
57	Outbound	52	45
57	Outbound	53	55
57	Outbound	54	47
57	Outbound	55	44
57	Outbound	56	51
57	Outbound	57	55
57	Outbound	58	52
57	Outbound	59	43
57	Outbound	60	45
57	Outbound	61	46
57	Outbound	62	46
57	Outbound	63	46
57	Outbound	64	50
57	Outbound	65	38
57	Outbound	66	48
57	Outbound	67	55
57	Outbound	68	42
57	Outbound	69	52
57	Outbound	70	60
57	Outbound	71	47
57	Outbound	72	49
57	Outbound	73	49
57	Outbound	74	49
57	Outbound	75	42
57	Outbound	76	49
57	Outbound	77	42
57	Outbound	78	43
57	Outbound	79	48
57	Outbound	80	48
57	Outbound	81	42
57	Outbound	82	51
57	Outbound	83	47
57	Outbound	84	48
57	Outbound	85	52
57	Outbound	86	47
57	Outbound	87	50
57	Outbound	88	51
57	Outbound	89	50
57	Outbound	90	54
57	Outbound	91	53
57	Outbound	92	39
57	Outbound	93	53
57	Outbound	94	48
57	Outbound	96	52
57	Outbound	97	57
57	Outbound	98	54
57	Outbound	99	55
57	Outbound	100	65
57	Outbound	101	64
57	Outbound	102	57
57	Outbound	104	57
57	Outbound	105	53
57	Outbound	106	53
57	Outbound	107	53
57	Outbound	108	52
57	Outbound	110	47
57	Outbound	111	46
57	Outbound	112	52
57	Outbound	113	48
57	Outbound	114	51
57	Outbound	116	55
57	Outbound	117	49
57	Outbound	118	52
57	Outbound	119	41
57	Outbound	120	47
57	Outbound	121	53
57	Outbound	122	41
57	Outbound	123	43
57	Outbound	124	45
57	Outbound	125	52
57	Outbound	126	47
57	Outbound	127	46
57	Outbound	128	50
57	Outbound	130	51
57	Outbound	131	52
57	Outbound	132	53
57	Outbound	133	52
57	Outbound	135	51
57	Outbound	136	47
57	Outbound	138	50
57	Outbound	140	45
57	Outbound	142	39
57	Outbound	144	40
57	Outbound	146	48
57	Outbound	148	40
57	Outbound	149	56
57	Outbound	151	29
57	Outbound	153	32
57	Outbound	155	29
57	Outbound	157	29
57	Outbound	159	59
66	Inbound	30	39
66	Inbound	32	49
66	Inbound	34	49
66	Inbound	36	48
66	Inbound	37	52
66	Inbound	39	48
66	Inbound	40	45
66	Inbound	41	72
66	Inbound	42	60
66	Inbound	43	62
66	Inbound	44	81
66	Inbound	45	77
66	Inbound	46	70
66	Inbound	47	71
66	Inbound	48	65
66	Inbound	49	69
66	Inbound	50	78
66	Inbound	51	73
66	Inbound	52	77
66	Inbound	53	65
66	Inbound	54	65
66	Inbound	55	65
66	Inbound	56	63
66	Inbound	57	67
66	Inbound	58	54
66	Inbound	59	65
66	Inbound	61	76
66	Inbound	63	69
66	Inbound	64	73
66	Inbound	66	70
66	Inbound	68	73
66	Inbound	69	74
66	Inbound	71	73
66	Inbound	73	75
66	Inbound	75	78
66	Inbound	76	69
66	Inbound	78	78
66	Inbound	80	76
66	Inbound	81	77
66	Inbound	83	76
66	Inbound	84	80
66	Inbound	85	70
66	Inbound	86	81
66	Inbound	87	87
66	Inbound	88	84
66	Inbound	89	82
66	Inbound	90	83
66	Inbound	91	89
66	Inbound	92	85
66	Inbound	93	88
66	Inbound	94	84
66	Inbound	95	90
66	Inbound	96	82
66	Inbound	97	85
66	Inbound	98	91
66	Inbound	99	86
66	Inbound	100	86
66	Inbound	101	80
66	Inbound	102	85
66	Inbound	103	86
66	Inbound	104	70
66	Inbound	105	98
66	Inbound	106	80
66	Inbound	107	81
66	Inbound	108	84
66	Inbound	109	79
66	Inbound	110	82
66	Inbound	111	79
66	Inbound	112	81
66	Inbound	113	81
66	Inbound	114	72
66	Inbound	115	73
66	Inbound	117	67
66	Inbound	118	67
66	Inbound	120	62
66	Inbound	121	66
66	Inbound	123	60
66	Inbound	124	77
66	Inbound	126	62
66	Inbound	128	71
66	Inbound	130	71
66	Inbound	132	61
66	Inbound	134	74
66	Inbound	136	55
66	Inbound	138	48
66	Inbound	139	0
66	Inbound	140	48
66	Inbound	142	51
66	Inbound	144	57
66	Inbound	147	47
66	Inbound	150	44
66	Inbound	152	50
66	Inbound	153	40
66	Inbound	155	39
66	Inbound	156	38
66	Inbound	158	33
66	Inbound	159	58
66	Outbound	28	46
66	Outbound	31	56
66	Outbound	33	48
66	Outbound	34	65
66	Outbound	36	71
66	Outbound	37	58
66	Outbound	38	50
66	Outbound	39	47
66	Outbound	40	57
66	Outbound	41	65
66	Outbound	42	73
66	Outbound	43	87
66	Outbound	44	81
66	Outbound	45	77
66	Outbound	46	88
66	Outbound	47	92
66	Outbound	48	85
66	Outbound	49	76
66	Outbound	50	76
66	Outbound	51	79
66	Outbound	52	80
66	Outbound	53	76
66	Outbound	54	79
66	Outbound	55	76
66	Outbound	56	82
66	Outbound	58	85
66	Outbound	60	78
66	Outbound	61	82
66	Outbound	63	77
66	Outbound	65	79
66	Outbound	66	75
66	Outbound	68	78
66	Outbound	70	72
66	Outbound	72	79
66	Outbound	73	77
66	Outbound	75	71
66	Outbound	77	76
66	Outbound	78	77
66	Outbound	80	89
66	Outbound	82	72
66	Outbound	83	71
66	Outbound	84	88
66	Outbound	85	90
66	Outbound	86	77
66	Outbound	87	85
66	Outbound	88	72
66	Outbound	89	81
66	Outbound	90	83
66	Outbound	91	78
66	Outbound	92	90
66	Outbound	93	87
66	Outbound	94	80
66	Outbound	95	94
66	Outbound	96	85
66	Outbound	97	83
66	Outbound	98	87
66	Outbound	99	91
66	Outbound	100	90
66	Outbound	101	89
66	Outbound	102	90
66	Outbound	103	92
66	Outbound	104	87
66	Outbound	105	80
66	Outbound	106	94
66	Outbound	107	80
66	Outbound	108	80
66	Outbound	109	78
66	Outbound	110	77
66	Outbound	111	76
66	Outbound	112	81
66	Outbound	113	79
66	Outbound	114	80
66	Outbound	116	77
66	Outbound	118	75
66	Outbound	120	69
66	Outbound	122	77
66	Outbound	124	78
66	Outbound	126	62
66	Outbound	128	66
66	Outbound	130	53
66	Outbound	132	64
66	Outbound	134	54
66	Outbound	136	58
66	Outbound	138	61
66	Outbound	140	68
66	Outbound	142	57
66	Outbound	145	59
66	Outbound	147	50
66	Outbound	150	59
66	Outbound	153	38
66	Outbound	155	33
66	Outbound	156	34
66	Outbound	158	27
66	Outbound	159	31
66	Outbound	161	47
71	Inbound	31	29
71	Inbound	33	29
71	Inbound	35	28
71	Inbound	36	37
71	Inbound	37	34
71	Inbound	38	34
71	Inbound	39	40
71	Inbound	40	36
71	Inbound	41	39
71	Inbound	42	35
71	Inbound	43	38
71	Inbound	44	43
71	Inbound	45	43
71	Inbound	46	39
71	Inbound	47	47
71	Inbound	48	43
71	Inbound	49	47
71	Inbound	50	45
71	Inbound	51	47
71	Inbound	52	43
71	Inbound	53	41
71	Inbound	54	39
71	Inbound	55	47
71	Inbound	56	43
71	Inbound	57	48
71	Inbound	58	40
71	Inbound	59	40
71	Inbound	61	48
71	Inbound	62	36
71	Inbound	64	38
71	Inbound	65	45
71	Inbound	67	43
71	Inbound	68	39
71	Inbound	70	36
71	Inbound	71	41
71	Inbound	73	41
71	Inbound	74	39
71	Inbound	76	42
71	Inbound	77	37
71	Inbound	79	35
71	Inbound	80	37
71	Inbound	82	40
71	Inbound	83	46
71	Inbound	84	37
71	Inbound	86	39
71	Inbound	87	38
71	Inbound	88	52
71	Inbound	89	37
71	Inbound	90	36
71	Inbound	91	39
71	Inbound	92	38
71	Inbound	93	46
71	Inbound	94	40
71	Inbound	95	36
71	Inbound	96	36
71	Inbound	97	43
71	Inbound	98	42
71	Inbound	99	46
71	Inbound	100	45
71	Inbound	101	43
71	Inbound	102	42
71	Inbound	103	42
71	Inbound	104	53
71	Inbound	105	42
71	Inbound	106	42
71	Inbound	107	40
71	Inbound	108	38
71	Inbound	109	38
71	Inbound	110	45
71	Inbound	111	32
71	Inbound	112	37
71	Inbound	113	30
71	Inbound	114	34
71	Inbound	115	28
71	Inbound	116	38
71	Inbound	117	33
71	Inbound	118	28
71	Inbound	119	26
71	Inbound	121	31
71	Inbound	122	26
71	Inbound	124	27
71	Inbound	125	29
71	Inbound	127	26
71	Inbound	129	27
71	Inbound	131	27
71	Inbound	133	30
71	Inbound	135	30
71	Inbound	137	29
71	Inbound	140	33
71	Inbound	142	32
71	Inbound	144	31
71	Inbound	146	35
71	Inbound	148	20
71	Inbound	151	27
71	Inbound	153	23
71	Inbound	155	23
71	Inbound	157	21
71	Outbound	29	16
71	Outbound	31	20
71	Outbound	33	23
71	Outbound	34	19
71	Outbound	35	24
71	Outbound	36	25
71	Outbound	37	26
71	Outbound	38	23
71	Outbound	39	27
71	Outbound	40	27
71	Outbound	41	32
71	Outbound	42	30
71	Outbound	43	29
71	Outbound	44	42
71	Outbound	45	35
71	Outbound	46	30
71	Outbound	47	40
71	Outbound	48	29
71	Outbound	49	36
71	Outbound	50	32
71	Outbound	51	33
71	Outbound	52	36
71	Outbound	53	35
71	Outbound	54	35
71	Outbound	55	36
71	Outbound	57	36
71	Outbound	58	42
71	Outbound	59	36
71	Outbound	61	34
71	Outbound	62	40
71	Outbound	64	37
71	Outbound	65	32
71	Outbound	67	35
71	Outbound	68	39
71	Outbound	70	33
71	Outbound	71	30
71	Outbound	72	29
71	Outbound	74	34
71	Outbound	75	33
71	Outbound	77	32
71	Outbound	78	32
71	Outbound	80	33
71	Outbound	81	30
71	Outbound	83	35
71	Outbound	84	34
71	Outbound	85	39
71	Outbound	86	41
71	Outbound	87	35
71	Outbound	88	26
71	Outbound	89	38
71	Outbound	91	36
71	Outbound	92	33
71	Outbound	93	31
71	Outbound	94	36
71	Outbound	95	29
71	Outbound	96	44
71	Outbound	97	32
71	Outbound	98	31
71	Outbound	99	36
71	Outbound	100	30
71	Outbound	101	43
71	Outbound	102	43
71	Outbound	103	48
71	Outbound	104	57
71	Outbound	105	41
71	Outbound	106	38
71	Outbound	107	38
71	Outbound	108	35
71	Outbound	109	41
71	Outbound	110	36
71	Outbound	111	36
71	Outbound	112	32
71	Outbound	114	39
71	Outbound	115	30
71	Outbound	116	36
71	Outbound	117	32
71	Outbound	119	32
71	Outbound	120	36
71	Outbound	122	24
71	Outbound	123	31
71	Outbound	124	22
71	Outbound	126	31
71	Outbound	129	27
71	Outbound	131	31
71	Outbound	133	30
71	Outbound	135	33
71	Outbound	137	26
71	Outbound	139	30
71	Outbound	142	27
71	Outbound	144	31
71	Outbound	146	25
71	Outbound	150	52
71	Outbound	151	19
71	Outbound	152	35
71	Outbound	153	20
71	Outbound	154	19
71	Outbound	155	27
71	Outbound	156	16
71	Outbound	157	25
71	Outbound	159	2
73	Inbound	30	24
73	Inbound	32	23
73	Inbound	34	25
73	Inbound	36	24
73	Inbound	37	27
73	Inbound	38	32
73	Inbound	39	37
73	Inbound	40	35
73	Inbound	41	35
73	Inbound	42	33
73	Inbound	43	39
73	Inbound	44	40
73	Inbound	45	39
73	Inbound	46	45
73	Inbound	47	55
73	Inbound	48	47
73	Inbound	49	45
73	Inbound	50	49
73	Inbound	51	48
73	Inbound	52	42
73	Inbound	53	45
73	Inbound	54	46
73	Inbound	55	40
73	Inbound	56	41
73	Inbound	57	43
73	Inbound	58	44
73	Inbound	59	39
73	Inbound	60	36
73	Inbound	61	35
73	Inbound	63	44
73	Inbound	64	39
73	Inbound	66	39
73	Inbound	67	41
73	Inbound	69	42
73	Inbound	70	41
73	Inbound	72	41
73	Inbound	73	42
73	Inbound	75	42
73	Inbound	76	42
73	Inbound	78	52
73	Inbound	79	37
73	Inbound	81	39
73	Inbound	82	46
73	Inbound	84	36
73	Inbound	85	35
73	Inbound	86	34
73	Inbound	87	37
73	Inbound	89	36
73	Inbound	90	35
73	Inbound	91	34
73	Inbound	92	31
73	Inbound	93	29
73	Inbound	94	32
73	Inbound	95	31
73	Inbound	96	31
73	Inbound	97	33
73	Inbound	98	42
73	Inbound	99	34
73	Inbound	100	38
73	Inbound	101	33
73	Inbound	102	36
73	Inbound	103	37
73	Inbound	104	54
73	Inbound	105	47
73	Inbound	106	36
73	Inbound	107	41
73	Inbound	108	30
73	Inbound	109	35
73	Inbound	110	36
73	Inbound	111	34
73	Inbound	112	39
73	Inbound	113	32
73	Inbound	114	77
73	Inbound	115	34
73	Inbound	116	31
73	Inbound	117	32
73	Inbound	118	35
73	Inbound	119	34
73	Inbound	120	28
73	Inbound	122	34
73	Inbound	123	27
73	Inbound	125	34
73	Inbound	127	32
73	Inbound	130	40
73	Inbound	132	33
73	Inbound	134	28
73	Inbound	137	32
73	Inbound	139	29
73	Inbound	141	26
73	Inbound	144	24
73	Inbound	146	29
73	Inbound	148	31
73	Inbound	150	23
73	Inbound	152	23
73	Inbound	154	29
73	Inbound	156	34
73	Inbound	158	17
73	Outbound	28	19
73	Outbound	30	17
73	Outbound	32	23
73	Outbound	34	18
73	Outbound	35	28
73	Outbound	36	22
73	Outbound	37	19
73	Outbound	38	22
73	Outbound	39	22
73	Outbound	40	24
73	Outbound	41	20
73	Outbound	42	26
73	Outbound	43	27
73	Outbound	44	40
73	Outbound	45	37
73	Outbound	46	34
73	Outbound	47	41
73	Outbound	48	37
73	Outbound	49	35
73	Outbound	50	39
73	Outbound	51	39
73	Outbound	52	42
73	Outbound	53	33
73	Outbound	54	29
73	Outbound	55	38
73	Outbound	56	30
73	Outbound	57	29
73	Outbound	59	33
73	Outbound	60	33
73	Outbound	61	28
73	Outbound	63	31
73	Outbound	64	32
73	Outbound	66	31
73	Outbound	67	32
73	Outbound	68	34
73	Outbound	69	34
73	Outbound	70	33
73	Outbound	72	33
73	Outbound	73	36
73	Outbound	75	30
73	Outbound	76	33
73	Outbound	78	34
73	Outbound	79	35
73	Outbound	81	42
73	Outbound	82	36
73	Outbound	84	35
73	Outbound	85	27
73	Outbound	86	39
73	Outbound	87	43
73	Outbound	88	32
73	Outbound	89	37
73	Outbound	90	37
73	Outbound	91	24
73	Outbound	92	39
73	Outbound	93	35
73	Outbound	94	30
73	Outbound	95	28
73	Outbound	96	36
73	Outbound	97	30
73	Outbound	98	35
73	Outbound	99	34
73	Outbound	100	42
73	Outbound	101	43
73	Outbound	102	42
73	Outbound	103	38
73	Outbound	104	45
73	Outbound	105	40
73	Outbound	106	42
73	Outbound	107	36
73	Outbound	108	39
73	Outbound	109	41
73	Outbound	110	38
73	Outbound	111	33
73	Outbound	112	40
73	Outbound	113	41
73	Outbound	114	54
73	Outbound	115	31
73	Outbound	116	36
73	Outbound	117	41
73	Outbound	118	31
73	Outbound	119	32
73	Outbound	120	34
73	Outbound	122	33
73	Outbound	124	31
73	Outbound	126	31
73	Outbound	127	33
73	Outbound	129	33
73	Outbound	132	30
73	Outbound	134	28
73	Outbound	136	28
73	Outbound	137	31
73	Outbound	139	32
73	Outbound	141	27
73	Outbound	142	32
73	Outbound	143	29
73	Outbound	144	35
73	Outbound	145	24
73	Outbound	146	32
73	Outbound	147	18
73	Outbound	148	32
73	Outbound	150	43
73	Outbound	151	15
73	Outbound	152	40
73	Outbound	153	17
73	Outbound	154	24
73	Outbound	155	14
73	Outbound	156	31
73	Outbound	157	21
73	Outbound	158	30
73	Outbound	159	0
77	Inbound	28	25
77	Inbound	30	27
77	Inbound	31	34
77	Inbound	32	28
77	Inbound	33	35
77	Inbound	34	35
77	Inbound	35	17
77	Inbound	36	27
77	Inbound	37	28
77	Inbound	38	45
77	Inbound	39	39
77	Inbound	40	48
77	Inbound	41	56
77	Inbound	42	52
77	Inbound	43	44
77	Inbound	44	60
77	Inbound	45	44
77	Inbound	46	59
77	Inbound	47	56
77	Inbound	48	53
77	Inbound	49	55
77	Inbound	50	54
77	Inbound	51	46
77	Inbound	52	47
77	Inbound	53	50
77	Inbound	54	48
77	Inbound	55	51
77	Inbound	56	46
77	Inbound	57	50
77	Inbound	58	51
77	Inbound	59	46
77	Inbound	60	48
77	Inbound	61	54
77	Inbound	62	52
77	Inbound	63	51
77	Inbound	65	55
77	Inbound	66	50
77	Inbound	67	57
77	Inbound	68	55
77	Inbound	69	48
77	Inbound	71	50
77	Inbound	72	51
77	Inbound	73	53
77	Inbound	74	53
77	Inbound	75	53
77	Inbound	76	31
77	Inbound	77	48
77	Inbound	78	56
77	Inbound	79	35
77	Inbound	80	46
77	Inbound	81	52
77	Inbound	82	58
77	Inbound	83	57
77	Inbound	84	45
77	Inbound	85	49
77	Inbound	86	62
77	Inbound	87	46
77	Inbound	88	57
77	Inbound	89	48
77	Inbound	90	51
77	Inbound	91	64
77	Inbound	92	52
77	Inbound	93	50
77	Inbound	94	53
77	Inbound	95	56
77	Inbound	96	51
77	Inbound	97	55
77	Inbound	98	40
77	Inbound	99	44
77	Inbound	100	54
77	Inbound	101	54
77	Inbound	102	55
77	Inbound	103	59
77	Inbound	104	62
77	Inbound	105	48
77	Inbound	106	52
77	Inbound	107	61
77	Inbound	108	58
77	Inbound	109	46
77	Inbound	110	57
77	Inbound	111	49
77	Inbound	112	48
77	Inbound	113	55
77	Inbound	114	47
77	Inbound	115	44
77	Inbound	116	39
77	Inbound	117	43
77	Inbound	118	47
77	Inbound	119	47
77	Inbound	120	41
77	Inbound	121	19
77	Inbound	122	53
77	Inbound	123	31
77	Inbound	124	38
77	Inbound	125	55
77	Inbound	126	45
77	Inbound	128	37
77	Inbound	129	39
77	Inbound	130	41
77	Inbound	131	43
77	Inbound	133	36
77	Inbound	134	39
77	Inbound	135	58
77	Inbound	137	39
77	Inbound	138	36
77	Inbound	139	32
77	Inbound	141	29
77	Inbound	142	31
77	Inbound	143	41
77	Inbound	144	30
77	Inbound	146	37
77	Inbound	147	32
77	Inbound	149	39
77	Inbound	150	32
77	Inbound	152	39
77	Inbound	153	38
77	Inbound	155	34
77	Inbound	156	37
77	Outbound	31	22
77	Outbound	32	19
77	Outbound	33	20
77	Outbound	34	23
77	Outbound	36	26
77	Outbound	37	25
77	Outbound	38	26
77	Outbound	39	21
77	Outbound	40	30
77	Outbound	41	26
77	Outbound	42	35
77	Outbound	43	34
77	Outbound	44	36
77	Outbound	45	35
77	Outbound	46	37
77	Outbound	47	35
77	Outbound	48	30
77	Outbound	49	36
77	Outbound	50	37
77	Outbound	51	32
77	Outbound	52	33
77	Outbound	53	35
77	Outbound	54	27
77	Outbound	55	24
77	Outbound	56	29
77	Outbound	57	36
77	Outbound	58	29
77	Outbound	59	35
77	Outbound	60	26
77	Outbound	61	36
77	Outbound	62	32
77	Outbound	63	35
77	Outbound	64	32
77	Outbound	65	34
77	Outbound	66	33
77	Outbound	67	36
77	Outbound	68	34
77	Outbound	69	36
77	Outbound	70	34
77	Outbound	72	36
77	Outbound	73	34
77	Outbound	74	35
77	Outbound	75	33
77	Outbound	76	37
77	Outbound	78	41
77	Outbound	79	38
77	Outbound	80	37
77	Outbound	81	43
77	Outbound	82	40
77	Outbound	83	28
77	Outbound	84	47
77	Outbound	85	37
77	Outbound	86	46
77	Outbound	87	41
77	Outbound	88	35
77	Outbound	89	39
77	Outbound	90	43
77	Outbound	91	48
77	Outbound	92	43
77	Outbound	93	42
77	Outbound	94	47
77	Outbound	95	47
77	Outbound	96	38
77	Outbound	97	49
77	Outbound	98	44
77	Outbound	99	55
77	Outbound	100	53
77	Outbound	101	48
77	Outbound	102	51
77	Outbound	103	53
77	Outbound	104	54
77	Outbound	105	53
77	Outbound	106	53
77	Outbound	107	47
77	Outbound	108	54
77	Outbound	109	45
77	Outbound	110	43
77	Outbound	111	42
77	Outbound	112	30
77	Outbound	113	33
77	Outbound	114	35
77	Outbound	115	32
77	Outbound	116	24
77	Outbound	117	38
77	Outbound	118	37
77	Outbound	119	35
77	Outbound	120	28
77	Outbound	121	27
77	Outbound	122	34
77	Outbound	123	32
77	Outbound	124	27
77	Outbound	125	37
77	Outbound	127	26
77	Outbound	128	33
77	Outbound	129	36
77	Outbound	130	32
77	Outbound	131	30
77	Outbound	133	38
77	Outbound	134	28
77	Outbound	135	30
77	Outbound	137	28
77	Outbound	138	30
77	Outbound	139	26
77	Outbound	140	34
77	Outbound	142	30
77	Outbound	143	23
77	Outbound	144	25
77	Outbound	146	35
77	Outbound	147	26
77	Outbound	148	26
77	Outbound	150	18
77	Outbound	151	23
77	Outbound	153	22
77	Outbound	154	21
77	Outbound	156	22
77	Outbound	157	21
77	Outbound	159	19
111	Inbound	28	25
111	Inbound	29	31
111	Inbound	30	26
111	Inbound	31	26
111	Inbound	32	29
111	Inbound	33	31
111	Inbound	34	40
111	Inbound	35	36
111	Inbound	36	37
111	Inbound	37	33
111	Inbound	38	42
111	Inbound	39	44
111	Inbound	40	41
111	Inbound	41	39
111	Inbound	42	39
111	Inbound	43	43
111	Inbound	44	43
111	Inbound	45	39
111	Inbound	46	51
111	Inbound	47	41
111	Inbound	48	41
111	Inbound	49	47
111	Inbound	50	41
111	Inbound	51	44
111	Inbound	52	26
111	Inbound	53	39
111	Inbound	54	32
111	Inbound	55	36
111	Inbound	56	39
111	Inbound	58	36
111	Inbound	59	39
111	Inbound	60	39
111	Inbound	61	42
111	Inbound	62	38
111	Inbound	64	40
111	Inbound	65	39
111	Inbound	66	44
111	Inbound	67	42
111	Inbound	68	42
111	Inbound	70	39
111	Inbound	71	41
111	Inbound	72	41
111	Inbound	73	43
111	Inbound	74	43
111	Inbound	76	40
111	Inbound	77	48
111	Inbound	78	42
111	Inbound	79	35
111	Inbound	80	43
111	Inbound	81	41
111	Inbound	82	45
111	Inbound	83	47
111	Inbound	84	49
111	Inbound	85	42
111	Inbound	86	39
111	Inbound	87	41
111	Inbound	88	46
111	Inbound	89	38
111	Inbound	90	56
111	Inbound	91	39
111	Inbound	92	37
111	Inbound	93	32
111	Inbound	94	40
111	Inbound	95	32
111	Inbound	96	33
111	Inbound	97	36
111	Inbound	98	47
111	Inbound	99	27
111	Inbound	100	46
111	Inbound	101	30
111	Inbound	102	40
111	Inbound	103	38
111	Inbound	104	42
111	Inbound	105	38
111	Inbound	106	38
111	Inbound	107	47
111	Inbound	108	38
111	Inbound	109	38
111	Inbound	110	37
111	Inbound	111	53
111	Inbound	112	50
111	Inbound	113	41
111	Inbound	114	39
111	Inbound	115	39
111	Inbound	116	41
111	Inbound	117	35
111	Inbound	118	61
111	Inbound	119	42
111	Inbound	120	40
111	Inbound	121	40
111	Inbound	122	37
111	Inbound	123	32
111	Inbound	124	40
111	Inbound	125	36
111	Inbound	126	42
111	Inbound	127	32
111	Inbound	128	38
111	Inbound	129	34
111	Inbound	130	43
111	Inbound	131	39
111	Inbound	132	39
111	Inbound	133	34
111	Inbound	134	31
111	Inbound	135	41
111	Inbound	136	32
111	Inbound	137	40
111	Inbound	138	40
111	Inbound	139	44
111	Inbound	141	28
111	Inbound	142	46
111	Inbound	143	39
111	Inbound	144	0
111	Inbound	145	37
111	Inbound	146	43
111	Inbound	148	35
111	Inbound	150	36
111	Inbound	151	36
111	Inbound	153	40
111	Inbound	154	28
111	Inbound	156	41
111	Outbound	31	32
111	Outbound	32	30
111	Outbound	33	31
111	Outbound	34	27
111	Outbound	35	35
111	Outbound	36	30
111	Outbound	37	29
111	Outbound	38	32
111	Outbound	39	33
111	Outbound	40	36
111	Outbound	41	35
111	Outbound	42	29
111	Outbound	43	30
111	Outbound	44	40
111	Outbound	45	36
111	Outbound	46	37
111	Outbound	47	36
111	Outbound	48	39
111	Outbound	49	39
111	Outbound	50	36
111	Outbound	51	42
111	Outbound	52	32
111	Outbound	53	33
111	Outbound	54	23
111	Outbound	55	46
111	Outbound	56	35
111	Outbound	57	35
111	Outbound	58	41
111	Outbound	59	44
111	Outbound	61	38
111	Outbound	62	40
111	Outbound	63	36
111	Outbound	64	41
111	Outbound	65	41
111	Outbound	67	42
111	Outbound	68	42
111	Outbound	69	39
111	Outbound	70	46
111	Outbound	71	43
111	Outbound	73	41
111	Outbound	74	44
111	Outbound	75	46
111	Outbound	76	47
111	Outbound	77	44
111	Outbound	79	39
111	Outbound	80	44
111	Outbound	81	44
111	Outbound	82	42
111	Outbound	83	44
111	Outbound	84	48
111	Outbound	85	45
111	Outbound	86	48
111	Outbound	87	39
111	Outbound	88	47
111	Outbound	89	47
111	Outbound	90	42
111	Outbound	91	44
111	Outbound	92	50
111	Outbound	93	48
111	Outbound	94	39
111	Outbound	95	49
111	Outbound	96	52
111	Outbound	97	56
111	Outbound	98	44
111	Outbound	99	47
111	Outbound	100	61
111	Outbound	101	50
111	Outbound	102	51
111	Outbound	103	54
111	Outbound	104	50
111	Outbound	105	45
111	Outbound	106	47
111	Outbound	107	40
111	Outbound	108	55
111	Outbound	109	44
111	Outbound	110	47
111	Outbound	111	46
111	Outbound	112	57
111	Outbound	113	43
111	Outbound	114	51
111	Outbound	115	68
111	Outbound	116	64
111	Outbound	117	51
111	Outbound	118	46
111	Outbound	119	41
111	Outbound	120	43
111	Outbound	121	52
111	Outbound	122	45
111	Outbound	123	41
111	Outbound	124	39
111	Outbound	125	37
111	Outbound	126	40
111	Outbound	127	46
111	Outbound	128	44
111	Outbound	129	44
111	Outbound	130	47
111	Outbound	131	40
111	Outbound	132	42
111	Outbound	133	54
111	Outbound	134	50
111	Outbound	135	51
111	Outbound	136	50
111	Outbound	137	43
111	Outbound	138	49
111	Outbound	139	46
111	Outbound	140	53
111	Outbound	141	54
111	Outbound	142	49
111	Outbound	144	45
111	Outbound	145	42
111	Outbound	147	48
111	Outbound	148	49
111	Outbound	150	54
111	Outbound	151	38
111	Outbound	153	31
111	Outbound	154	33
111	Outbound	156	33
111	Outbound	157	36
116	Inbound	31	46
116	Inbound	33	39
116	Inbound	35	36
116	Inbound	37	40
116	Inbound	38	44
116	Inbound	39	44
116	Inbound	41	54
116	Inbound	42	23
116	Inbound	43	41
116	Inbound	44	22
116	Inbound	45	41
116	Inbound	46	35
116	Inbound	47	39
116	Inbound	48	44
116	Inbound	50	43
116	Inbound	51	34
116	Inbound	52	45
116	Inbound	54	56
116	Inbound	57	57
116	Inbound	60	53
116	Inbound	63	50
116	Inbound	66	66
116	Inbound	69	66
116	Inbound	72	67
116	Inbound	75	61
116	Inbound	77	66
116	Inbound	79	49
116	Inbound	81	59
116	Inbound	83	55
116	Inbound	85	63
116	Inbound	87	62
116	Inbound	89	56
116	Inbound	91	60
116	Inbound	93	66
116	Inbound	96	60
116	Inbound	97	60
116	Inbound	99	61
116	Inbound	102	44
116	Inbound	104	65
116	Inbound	105	27
116	Inbound	106	58
116	Inbound	108	39
116	Inbound	111	32
116	Inbound	112	57
116	Inbound	114	23
116	Inbound	116	63
116	Inbound	117	21
116	Inbound	120	43
116	Inbound	121	33
116	Inbound	123	26
116	Inbound	124	46
116	Inbound	126	30
116	Inbound	127	27
116	Inbound	128	47
116	Inbound	129	21
116	Inbound	132	48
116	Inbound	136	44
116	Inbound	140	36
116	Inbound	144	34
116	Inbound	148	23
116	Inbound	151	24
116	Inbound	154	42
116	Outbound	32	37
116	Outbound	36	40
116	Outbound	37	43
116	Outbound	39	45
116	Outbound	41	30
116	Outbound	42	26
116	Outbound	43	36
116	Outbound	44	27
116	Outbound	45	40
116	Outbound	46	20
116	Outbound	47	35
116	Outbound	48	39
116	Outbound	50	57
116	Outbound	51	49
116	Outbound	53	50
116	Outbound	55	57
116	Outbound	57	52
116	Outbound	60	44
116	Outbound	63	51
116	Outbound	66	59
116	Outbound	69	58
116	Outbound	72	65
116	Outbound	75	50
116	Outbound	78	53
116	Outbound	80	54
116	Outbound	82	62
116	Outbound	84	67
116	Outbound	87	64
116	Outbound	89	72
116	Outbound	91	75
116	Outbound	93	69
116	Outbound	95	65
116	Outbound	97	46
116	Outbound	99	62
116	Outbound	100	28
116	Outbound	101	63
116	Outbound	103	52
116	Outbound	105	64
116	Outbound	106	27
116	Outbound	107	65
116	Outbound	108	61
116	Outbound	109	30
116	Outbound	111	52
116	Outbound	113	29
116	Outbound	114	55
116	Outbound	116	23
116	Outbound	117	55
116	Outbound	118	36
116	Outbound	121	65
116	Outbound	122	26
116	Outbound	125	29
116	Outbound	126	53
116	Outbound	128	35
116	Outbound	129	38
116	Outbound	130	22
116	Outbound	133	44
116	Outbound	137	40
116	Outbound	141	39
116	Outbound	145	39
116	Outbound	150	48
116	Outbound	153	29
116	Outbound	156	28
116	Outbound	159	48
117	Inbound	26	45
117	Inbound	27	40
117	Inbound	29	33
117	Inbound	33	41
117	Inbound	34	42
117	Inbound	36	45
117	Inbound	37	44
117	Inbound	38	44
117	Inbound	40	49
117	Inbound	42	52
117	Inbound	44	56
117	Inbound	46	62
117	Inbound	47	49
117	Inbound	49	55
117	Inbound	51	58
117	Inbound	53	52
117	Inbound	56	56
117	Inbound	59	56
117	Inbound	62	55
117	Inbound	65	55
117	Inbound	68	56
117	Inbound	71	55
117	Inbound	74	68
117	Inbound	76	56
117	Inbound	78	52
117	Inbound	80	60
117	Inbound	83	53
117	Inbound	85	56
117	Inbound	87	56
117	Inbound	89	62
117	Inbound	91	59
117	Inbound	93	60
117	Inbound	95	66
117	Inbound	97	56
117	Inbound	99	62
117	Inbound	101	58
117	Inbound	103	53
117	Inbound	105	51
117	Inbound	107	54
117	Inbound	110	54
117	Inbound	114	59
117	Inbound	118	62
117	Inbound	122	47
117	Inbound	126	48
117	Inbound	130	41
117	Inbound	134	39
117	Inbound	138	36
117	Inbound	142	35
117	Inbound	147	38
117	Inbound	150	39
117	Inbound	153	42
117	Inbound	156	19
117	Outbound	31	17
117	Outbound	34	46
117	Outbound	36	33
117	Outbound	38	29
117	Outbound	40	40
117	Outbound	42	52
117	Outbound	45	44
117	Outbound	47	58
117	Outbound	49	67
117	Outbound	51	50
117	Outbound	52	43
117	Outbound	54	54
117	Outbound	56	51
117	Outbound	58	50
117	Outbound	61	59
117	Outbound	64	57
117	Outbound	67	60
117	Outbound	70	53
117	Outbound	73	60
117	Outbound	76	59
117	Outbound	79	54
117	Outbound	81	54
117	Outbound	83	56
117	Outbound	85	66
117	Outbound	88	55
117	Outbound	90	62
117	Outbound	92	60
117	Outbound	94	69
117	Outbound	96	62
117	Outbound	98	55
117	Outbound	100	60
117	Outbound	102	68
117	Outbound	104	61
117	Outbound	106	50
117	Outbound	107	52
117	Outbound	110	60
117	Outbound	112	66
117	Outbound	115	64
117	Outbound	119	45
117	Outbound	123	44
117	Outbound	127	45
117	Outbound	131	38
117	Outbound	135	36
117	Outbound	139	38
117	Outbound	143	41
117	Outbound	147	45
117	Outbound	151	38
117	Outbound	154	29
117	Outbound	157	33
