1	Inbound	31	43
1	Inbound	33	49
1	Inbound	35	51
1	Inbound	36	45
1	Inbound	37	45
1	Inbound	38	48
1	Inbound	39	42
1	Inbound	40	52
1	Inbound	41	44
1	Inbound	42	56
1	Inbound	43	40
1	Inbound	44	58
1	Inbound	45	66
1	Inbound	46	61
1	Inbound	47	35
1	Inbound	48	67
1	Inbound	49	57
1	Inbound	50	79
1	Inbound	51	52
1	Inbound	52	61
1	Inbound	53	76
1	Inbound	54	78
1	Inbound	55	53
1	Inbound	56	67
1	Inbound	57	62
1	Inbound	59	56
1	Inbound	60	75
1	Inbound	61	54
1	Inbound	62	82
1	Inbound	63	60
1	Inbound	65	55
1	Inbound	66	79
1	Inbound	67	60
1	Inbound	69	58
1	Inbound	70	82
1	Inbound	71	55
1	Inbound	72	99
1	Inbound	73	60
1	Inbound	74	82
1	Inbound	75	58
1	Inbound	76	67
1	Inbound	77	83
1	Inbound	78	62
1	Inbound	79	79
1	Inbound	80	64
1	Inbound	81	95
1	Inbound	82	60
1	Inbound	83	71
1	Inbound	84	80
1	Inbound	85	72
1	Inbound	86	76
1	Inbound	87	50
1	Inbound	88	83
1	Inbound	89	109
1	Inbound	90	81
1	Inbound	91	98
1	Inbound	92	73
1	Inbound	93	93
1	Inbound	94	58
1	Inbound	95	84
1	Inbound	96	71
1	Inbound	97	81
1	Inbound	98	80
1	Inbound	99	101
1	Inbound	100	104
1	Inbound	101	63
1	Inbound	102	113
1	Inbound	103	80
1	Inbound	104	96
1	Inbound	105	75
1	Inbound	106	92
1	Inbound	107	88
1	Inbound	108	67
1	Inbound	109	102
1	Inbound	110	73
1	Inbound	111	99
1	Inbound	112	73
1	Inbound	113	75
1	Inbound	114	61
1	Inbound	115	73
1	Inbound	116	85
1	Inbound	117	54
1	Inbound	118	73
1	Inbound	119	56
1	Inbound	120	59
1	Inbound	121	48
1	Inbound	122	68
1	Inbound	123	65
1	Inbound	124	52
1	Inbound	126	61
1	Inbound	127	61
1	Inbound	128	50
1	Inbound	130	53
1	Inbound	131	67
1	Inbound	132	50
1	Inbound	133	37
1	Inbound	134	61
1	Inbound	135	54
1	Inbound	136	60
1	Inbound	137	42
1	Inbound	139	41
1	Inbound	140	50
1	Inbound	141	42
1	Inbound	143	43
1	Inbound	144	56
1	Inbound	145	43
1	Inbound	147	43
1	Inbound	148	56
1	Inbound	149	40
1	Inbound	151	49
1	Outbound	27	35
1	Outbound	29	37
1	Outbound	31	30
1	Outbound	33	48
1	Outbound	34	46
1	Outbound	36	40
1	Outbound	37	58
1	Outbound	38	37
1	Outbound	39	40
1	Outbound	40	45
1	Outbound	41	44
1	Outbound	42	46
1	Outbound	43	58
1	Outbound	44	43
1	Outbound	45	66
1	Outbound	46	58
1	Outbound	47	75
1	Outbound	48	63
1	Outbound	49	68
1	Outbound	50	59
1	Outbound	51	66
1	Outbound	52	57
1	Outbound	53	61
1	Outbound	54	49
1	Outbound	55	65
1	Outbound	56	54
1	Outbound	58	47
1	Outbound	59	66
1	Outbound	60	58
1	Outbound	62	56
1	Outbound	63	76
1	Outbound	64	45
1	Outbound	65	63
1	Outbound	66	52
1	Outbound	67	80
1	Outbound	68	64
1	Outbound	69	63
1	Outbound	70	63
1	Outbound	71	40
1	Outbound	72	75
1	Outbound	73	65
1	Outbound	74	66
1	Outbound	75	34
1	Outbound	76	84
1	Outbound	77	75
1	Outbound	78	38
1	Outbound	79	70
1	Outbound	80	68
1	Outbound	81	69
1	Outbound	82	53
1	Outbound	83	58
1	Outbound	84	80
1	Outbound	85	64
1	Outbound	87	68
1	Outbound	88	56
1	Outbound	89	66
1	Outbound	90	55
1	Outbound	91	81
1	Outbound	92	54
1	Outbound	93	72
1	Outbound	94	75
1	Outbound	95	110
1	Outbound	96	64
1	Outbound	97	70
1	Outbound	98	83
1	Outbound	99	69
1	Outbound	100	98
1	Outbound	101	68
1	Outbound	102	100
1	Outbound	103	75
1	Outbound	104	98
1	Outbound	105	90
1	Outbound	106	84
1	Outbound	107	82
1	Outbound	108	79
1	Outbound	109	79
1	Outbound	110	68
1	Outbound	111	92
1	Outbound	112	79
1	Outbound	113	81
1	Outbound	114	66
1	Outbound	115	63
1	Outbound	116	51
1	Outbound	117	49
1	Outbound	118	75
1	Outbound	119	59
1	Outbound	120	49
1	Outbound	121	54
1	Outbound	123	51
1	Outbound	124	47
1	Outbound	125	57
1	Outbound	126	45
1	Outbound	128	49
1	Outbound	129	57
1	Outbound	130	42
1	Outbound	132	48
1	Outbound	133	65
1	Outbound	134	49
1	Outbound	136	43
1	Outbound	137	61
1	Outbound	138	47
1	Outbound	139	67
1	Outbound	140	40
1	Outbound	141	51
1	Outbound	142	42
1	Outbound	143	47
1	Outbound	144	37
1	Outbound	145	47
1	Outbound	146	39
1	Outbound	147	61
1	Outbound	148	20
1	Outbound	150	52
15	Inbound	20	21
15	Inbound	23	27
15	Inbound	31	28
15	Inbound	32	29
15	Inbound	34	31
15	Inbound	35	29
15	Inbound	36	25
15	Inbound	37	33
15	Inbound	38	31
15	Inbound	39	31
15	Inbound	40	29
15	Inbound	41	43
15	Inbound	42	34
15	Inbound	43	35
15	Inbound	44	34
15	Inbound	45	39
15	Inbound	46	32
15	Inbound	47	64
15	Inbound	48	36
15	Inbound	49	34
15	Inbound	50	39
15	Inbound	51	41
15	Inbound	52	37
15	Inbound	53	41
15	Inbound	54	35
15	Inbound	55	36
15	Inbound	56	41
15	Inbound	57	36
15	Inbound	58	30
15	Inbound	59	49
15	Inbound	60	49
15	Inbound	62	41
15	Inbound	63	56
15	Inbound	64	31
15	Inbound	65	64
15	Inbound	66	34
15	Inbound	67	52
15	Inbound	68	42
15	Inbound	70	41
15	Inbound	72	41
15	Inbound	73	65
15	Inbound	74	36
15	Inbound	75	48
15	Inbound	76	31
15	Inbound	77	59
15	Inbound	78	47
15	Inbound	80	42
15	Inbound	82	40
15	Inbound	83	52
15	Inbound	84	49
15	Inbound	85	42
15	Inbound	86	42
15	Inbound	87	56
15	Inbound	88	42
15	Inbound	89	53
15	Inbound	90	38
15	Inbound	91	57
15	Inbound	92	34
15	Inbound	93	51
15	Inbound	94	43
15	Inbound	95	75
15	Inbound	96	36
15	Inbound	97	56
15	Inbound	98	42
15	Inbound	99	57
15	Inbound	100	35
15	Inbound	101	51
15	Inbound	102	33
15	Inbound	103	47
15	Inbound	104	36
15	Inbound	105	53
15	Inbound	106	41
15	Inbound	107	36
15	Inbound	108	33
15	Inbound	109	46
15	Inbound	110	35
15	Inbound	111	27
15	Inbound	112	28
15	Inbound	113	46
15	Inbound	114	40
15	Inbound	115	47
15	Inbound	116	43
15	Inbound	117	44
15	Inbound	118	24
15	Inbound	119	51
15	Inbound	120	24
15	Inbound	121	48
15	Inbound	122	31
15	Inbound	123	56
15	Inbound	124	23
15	Inbound	125	53
15	Inbound	126	31
15	Inbound	127	52
15	Inbound	128	28
15	Inbound	129	46
15	Inbound	130	33
15	Inbound	131	51
15	Inbound	132	22
15	Inbound	133	42
15	Inbound	134	26
15	Inbound	135	38
15	Inbound	136	28
15	Inbound	137	46
15	Inbound	138	24
15	Inbound	139	47
15	Inbound	140	24
15	Inbound	141	44
15	Inbound	142	37
15	Inbound	143	40
15	Inbound	144	28
15	Inbound	145	34
15	Inbound	147	37
15	Outbound	33	32
15	Outbound	34	29
15	Outbound	36	34
15	Outbound	37	27
15	Outbound	39	32
15	Outbound	40	32
15	Outbound	41	34
15	Outbound	42	38
15	Outbound	43	37
15	Outbound	44	38
15	Outbound	45	50
15	Outbound	46	43
15	Outbound	47	30
15	Outbound	48	40
15	Outbound	49	36
15	Outbound	50	45
15	Outbound	51	37
15	Outbound	52	43
15	Outbound	53	38
15	Outbound	54	44
15	Outbound	55	34
15	Outbound	56	51
15	Outbound	57	32
15	Outbound	58	41
15	Outbound	59	37
15	Outbound	60	45
15	Outbound	61	29
15	Outbound	62	49
15	Outbound	63	40
15	Outbound	65	40
15	Outbound	67	45
15	Outbound	68	57
15	Outbound	69	24
15	Outbound	70	61
15	Outbound	71	47
15	Outbound	73	38
15	Outbound	75	43
15	Outbound	76	50
15	Outbound	77	32
15	Outbound	78	54
15	Outbound	79	27
15	Outbound	80	60
15	Outbound	81	31
15	Outbound	82	57
15	Outbound	83	50
15	Outbound	84	53
15	Outbound	85	52
15	Outbound	86	53
15	Outbound	87	44
15	Outbound	88	58
15	Outbound	89	43
15	Outbound	90	53
15	Outbound	91	55
15	Outbound	92	69
15	Outbound	93	50
15	Outbound	94	50
15	Outbound	95	57
15	Outbound	96	77
15	Outbound	97	45
15	Outbound	98	70
15	Outbound	99	59
15	Outbound	100	66
15	Outbound	101	46
15	Outbound	102	72
15	Outbound	103	42
15	Outbound	104	63
15	Outbound	105	53
15	Outbound	106	61
15	Outbound	107	47
15	Outbound	108	52
15	Outbound	109	50
15	Outbound	110	67
15	Outbound	111	46
15	Outbound	112	57
15	Outbound	113	30
15	Outbound	114	55
15	Outbound	115	38
15	Outbound	116	62
15	Outbound	117	35
15	Outbound	118	48
15	Outbound	119	28
15	Outbound	120	54
15	Outbound	121	31
15	Outbound	122	55
15	Outbound	123	33
15	Outbound	124	55
15	Outbound	125	30
15	Outbound	126	60
15	Outbound	127	31
15	Outbound	128	61
15	Outbound	129	33
15	Outbound	130	44
15	Outbound	131	31
15	Outbound	132	48
15	Outbound	133	35
15	Outbound	134	49
15	Outbound	135	36
15	Outbound	136	49
15	Outbound	137	26
15	Outbound	138	49
15	Outbound	139	31
15	Outbound	140	45
15	Outbound	141	33
15	Outbound	142	46
15	Outbound	143	23
15	Outbound	144	43
15	Outbound	145	22
15	Outbound	147	48
15	Outbound	149	45
15	Outbound	150	77
22	Inbound	30	43
22	Inbound	32	57
22	Inbound	34	64
22	Inbound	36	53
22	Inbound	37	51
22	Inbound	38	64
22	Inbound	39	54
22	Inbound	40	41
22	Inbound	41	71
22	Inbound	42	52
22	Inbound	43	66
22	Inbound	44	45
22	Inbound	45	67
22	Inbound	46	43
22	Inbound	47	52
22	Inbound	48	62
22	Inbound	49	51
22	Inbound	50	64
22	Inbound	51	46
22	Inbound	52	61
22	Inbound	53	58
22	Inbound	55	50
22	Inbound	56	53
22	Inbound	57	31
22	Inbound	58	59
22	Inbound	59	49
22	Inbound	61	44
22	Inbound	62	68
22	Inbound	63	38
22	Inbound	65	48
22	Inbound	66	60
22	Inbound	67	31
22	Inbound	68	63
22	Inbound	69	49
22	Inbound	70	60
22	Inbound	71	34
22	Inbound	72	59
22	Inbound	73	57
22	Inbound	75	55
22	Inbound	76	74
22	Inbound	77	32
22	Inbound	78	70
22	Inbound	79	58
22	Inbound	81	61
22	Inbound	82	78
22	Inbound	83	49
22	Inbound	84	64
22	Inbound	85	83
22	Inbound	86	45
22	Inbound	87	78
22	Inbound	88	66
22	Inbound	90	61
22	Inbound	91	76
22	Inbound	92	31
22	Inbound	93	50
22	Inbound	94	74
22	Inbound	95	35
22	Inbound	96	81
22	Inbound	97	47
22	Inbound	99	65
22	Inbound	100	70
22	Inbound	101	55
22	Inbound	102	47
22	Inbound	103	64
22	Inbound	104	52
22	Inbound	105	65
22	Inbound	106	73
22	Inbound	107	72
22	Inbound	108	50
22	Inbound	109	62
22	Inbound	110	51
22	Inbound	111	57
22	Inbound	112	65
22	Inbound	113	63
22	Inbound	115	51
22	Inbound	117	53
22	Inbound	118	61
22	Inbound	119	27
22	Inbound	120	66
22	Inbound	121	32
22	Inbound	122	80
22	Inbound	123	43
22	Inbound	125	43
22	Inbound	127	40
22	Inbound	128	57
22	Inbound	129	34
22	Inbound	130	51
22	Inbound	131	29
22	Inbound	132	50
22	Inbound	133	37
22	Inbound	134	42
22	Inbound	135	38
22	Inbound	137	51
22	Inbound	139	33
22	Inbound	141	52
22	Inbound	143	35
22	Inbound	145	40
22	Inbound	147	42
22	Inbound	149	44
22	Outbound	32	32
22	Outbound	34	46
22	Outbound	36	70
22	Outbound	37	54
22	Outbound	38	53
22	Outbound	39	48
22	Outbound	40	42
22	Outbound	41	39
22	Outbound	42	51
22	Outbound	43	53
22	Outbound	44	32
22	Outbound	45	34
22	Outbound	46	40
22	Outbound	47	48
22	Outbound	48	32
22	Outbound	49	50
22	Outbound	50	50
22	Outbound	51	58
22	Outbound	52	48
22	Outbound	53	54
22	Outbound	54	46
22	Outbound	56	47
22	Outbound	57	54
22	Outbound	58	29
22	Outbound	59	63
22	Outbound	60	41
22	Outbound	62	38
22	Outbound	63	55
22	Outbound	64	45
22	Outbound	66	43
22	Outbound	67	50
22	Outbound	68	33
22	Outbound	69	50
22	Outbound	70	47
22	Outbound	71	64
22	Outbound	72	34
22	Outbound	73	60
22	Outbound	74	44
22	Outbound	76	41
22	Outbound	77	66
22	Outbound	78	35
22	Outbound	79	53
22	Outbound	80	60
22	Outbound	81	35
22	Outbound	82	59
22	Outbound	83	55
22	Outbound	84	78
22	Outbound	85	56
22	Outbound	86	65
22	Outbound	87	48
22	Outbound	88	55
22	Outbound	89	80
22	Outbound	90	45
22	Outbound	91	88
22	Outbound	92	56
22	Outbound	93	82
22	Outbound	94	62
22	Outbound	95	72
22	Outbound	96	44
22	Outbound	97	58
22	Outbound	98	71
22	Outbound	99	57
22	Outbound	100	83
22	Outbound	101	69
22	Outbound	102	73
22	Outbound	103	58
22	Outbound	104	71
22	Outbound	105	54
22	Outbound	106	56
22	Outbound	107	64
22	Outbound	108	86
22	Outbound	109	59
22	Outbound	110	42
22	Outbound	111	58
22	Outbound	112	49
22	Outbound	114	41
22	Outbound	115	60
22	Outbound	116	37
22	Outbound	117	58
22	Outbound	118	31
22	Outbound	119	58
22	Outbound	120	53
22	Outbound	122	44
22	Outbound	124	40
22	Outbound	126	39
22	Outbound	127	63
22	Outbound	128	31
22	Outbound	129	58
22	Outbound	130	29
22	Outbound	131	46
22	Outbound	132	44
22	Outbound	134	49
22	Outbound	136	34
22	Outbound	138	37
22	Outbound	140	37
22	Outbound	142	35
22	Outbound	144	58
22	Outbound	145	23
22	Outbound	146	43
22	Outbound	148	34
23	Inbound	30	36
23	Inbound	32	55
23	Inbound	33	48
23	Inbound	34	41
23	Inbound	35	49
23	Inbound	36	48
23	Inbound	37	66
23	Inbound	38	46
23	Inbound	39	61
23	Inbound	40	51
23	Inbound	41	57
23	Inbound	42	49
23	Inbound	43	59
23	Inbound	44	55
23	Inbound	45	61
23	Inbound	46	49
23	Inbound	47	62
23	Inbound	48	46
23	Inbound	49	61
23	Inbound	50	53
23	Inbound	51	61
23	Inbound	52	50
23	Inbound	53	61
23	Inbound	54	53
23	Inbound	55	46
23	Inbound	56	73
23	Inbound	57	54
23	Inbound	58	63
23	Inbound	59	50
23	Inbound	61	50
23	Inbound	62	67
23	Inbound	63	45
23	Inbound	64	49
23	Inbound	65	65
23	Inbound	66	55
23	Inbound	68	56
23	Inbound	69	64
23	Inbound	70	48
23	Inbound	71	78
23	Inbound	72	53
23	Inbound	73	60
23	Inbound	75	51
23	Inbound	76	73
23	Inbound	77	56
23	Inbound	78	77
23	Inbound	79	64
23	Inbound	81	57
23	Inbound	82	50
23	Inbound	83	71
23	Inbound	84	56
23	Inbound	85	65
23	Inbound	86	61
23	Inbound	87	68
23	Inbound	88	49
23	Inbound	89	82
23	Inbound	90	53
23	Inbound	91	57
23	Inbound	92	82
23	Inbound	93	62
23	Inbound	94	85
23	Inbound	95	58
23	Inbound	96	51
23	Inbound	97	70
23	Inbound	98	59
23	Inbound	99	73
23	Inbound	100	56
23	Inbound	101	56
23	Inbound	102	75
23	Inbound	103	66
23	Inbound	104	66
23	Inbound	105	63
23	Inbound	106	55
23	Inbound	107	73
23	Inbound	108	52
23	Inbound	109	45
23	Inbound	110	63
23	Inbound	111	47
23	Inbound	112	59
23	Inbound	113	40
23	Inbound	114	49
23	Inbound	115	60
23	Inbound	116	41
23	Inbound	117	45
23	Inbound	119	47
23	Inbound	120	48
23	Inbound	122	46
23	Inbound	123	61
23	Inbound	124	37
23	Inbound	125	53
23	Inbound	126	35
23	Inbound	128	52
23	Inbound	129	56
23	Inbound	130	35
23	Inbound	131	56
23	Inbound	132	46
23	Inbound	134	43
23	Inbound	136	41
23	Inbound	138	42
23	Inbound	140	38
23	Inbound	142	34
23	Inbound	144	37
23	Inbound	145	50
23	Inbound	146	24
23	Inbound	147	56
23	Inbound	148	22
23	Inbound	150	53
23	Outbound	29	41
23	Outbound	31	31
23	Outbound	33	33
23	Outbound	34	50
23	Outbound	35	37
23	Outbound	36	50
23	Outbound	37	37
23	Outbound	38	57
23	Outbound	39	40
23	Outbound	40	52
23	Outbound	41	61
23	Outbound	42	39
23	Outbound	43	48
23	Outbound	44	48
23	Outbound	45	44
23	Outbound	46	43
23	Outbound	47	49
23	Outbound	48	45
23	Outbound	49	57
23	Outbound	50	57
23	Outbound	51	55
23	Outbound	52	52
23	Outbound	53	51
23	Outbound	54	43
23	Outbound	55	68
23	Outbound	56	65
23	Outbound	57	23
23	Outbound	58	61
23	Outbound	59	49
23	Outbound	60	53
23	Outbound	61	52
23	Outbound	62	56
23	Outbound	63	52
23	Outbound	64	49
23	Outbound	65	55
23	Outbound	66	52
23	Outbound	68	57
23	Outbound	69	70
23	Outbound	70	48
23	Outbound	71	69
23	Outbound	72	54
23	Outbound	73	61
23	Outbound	74	72
23	Outbound	75	62
23	Outbound	77	55
23	Outbound	78	68
23	Outbound	79	54
23	Outbound	80	78
23	Outbound	81	55
23	Outbound	82	58
23	Outbound	83	76
23	Outbound	84	64
23	Outbound	85	72
23	Outbound	86	48
23	Outbound	87	87
23	Outbound	88	73
23	Outbound	89	76
23	Outbound	90	58
23	Outbound	91	52
23	Outbound	92	77
23	Outbound	93	64
23	Outbound	94	90
23	Outbound	95	65
23	Outbound	96	53
23	Outbound	97	82
23	Outbound	98	66
23	Outbound	99	56
23	Outbound	100	78
23	Outbound	101	79
23	Outbound	102	76
23	Outbound	103	53
23	Outbound	104	53
23	Outbound	105	75
23	Outbound	106	55
23	Outbound	107	56
23	Outbound	108	69
23	Outbound	109	55
23	Outbound	110	64
23	Outbound	111	49
23	Outbound	112	50
23	Outbound	113	60
23	Outbound	114	53
23	Outbound	115	47
23	Outbound	117	49
23	Outbound	118	70
23	Outbound	119	49
23	Outbound	121	48
23	Outbound	122	68
23	Outbound	123	35
23	Outbound	124	65
23	Outbound	125	45
23	Outbound	127	49
23	Outbound	128	63
23	Outbound	129	29
23	Outbound	130	53
23	Outbound	131	47
23	Outbound	133	49
23	Outbound	135	42
23	Outbound	136	53
23	Outbound	137	30
23	Outbound	138	59
23	Outbound	139	30
23	Outbound	140	43
23	Outbound	141	25
23	Outbound	142	46
23	Outbound	143	36
23	Outbound	144	37
23	Outbound	145	33
23	Outbound	146	37
23	Outbound	148	38
23	Outbound	150	54
28	Inbound	20	29
28	Inbound	23	36
28	Inbound	28	36
28	Inbound	30	50
28	Inbound	32	55
28	Inbound	33	38
28	Inbound	34	66
28	Inbound	36	57
28	Inbound	37	59
28	Inbound	38	54
28	Inbound	39	65
28	Inbound	40	74
28	Inbound	41	58
28	Inbound	42	55
28	Inbound	43	58
28	Inbound	44	72
28	Inbound	45	51
28	Inbound	46	69
28	Inbound	47	53
28	Inbound	48	61
28	Inbound	49	65
28	Inbound	50	62
28	Inbound	51	60
28	Inbound	52	62
28	Inbound	53	56
28	Inbound	54	61
28	Inbound	55	65
28	Inbound	56	62
28	Inbound	57	57
28	Inbound	58	70
28	Inbound	59	62
28	Inbound	60	56
28	Inbound	61	69
28	Inbound	62	62
28	Inbound	63	44
28	Inbound	64	60
28	Inbound	65	73
28	Inbound	66	61
28	Inbound	67	55
28	Inbound	68	54
28	Inbound	69	79
28	Inbound	70	57
28	Inbound	71	57
28	Inbound	72	53
28	Inbound	73	72
28	Inbound	74	50
28	Inbound	75	65
28	Inbound	76	71
28	Inbound	77	68
28	Inbound	78	72
28	Inbound	79	63
28	Inbound	80	77
28	Inbound	81	69
28	Inbound	82	65
28	Inbound	83	61
28	Inbound	84	70
28	Inbound	85	62
28	Inbound	86	74
28	Inbound	87	86
28	Inbound	88	64
28	Inbound	89	66
28	Inbound	90	87
28	Inbound	91	69
28	Inbound	92	68
28	Inbound	93	61
28	Inbound	94	92
28	Inbound	95	65
28	Inbound	96	65
28	Inbound	97	75
28	Inbound	98	66
28	Inbound	99	70
28	Inbound	100	58
28	Inbound	101	77
28	Inbound	102	67
28	Inbound	103	51
28	Inbound	104	70
28	Inbound	105	56
28	Inbound	106	60
28	Inbound	107	65
28	Inbound	108	77
28	Inbound	109	60
28	Inbound	110	50
28	Inbound	111	63
28	Inbound	112	60
28	Inbound	113	60
28	Inbound	114	51
28	Inbound	115	54
28	Inbound	116	54
28	Inbound	117	66
28	Inbound	119	57
28	Inbound	120	56
28	Inbound	121	58
28	Inbound	122	38
28	Inbound	123	56
28	Inbound	124	46
28	Inbound	126	58
28	Inbound	127	38
28	Inbound	128	68
28	Inbound	129	45
28	Inbound	130	51
28	Inbound	131	37
28	Inbound	132	45
28	Inbound	134	47
28	Inbound	136	46
28	Inbound	137	34
28	Inbound	138	56
28	Inbound	139	36
28	Inbound	140	48
28	Inbound	141	39
28	Inbound	142	55
28	Inbound	143	44
28	Inbound	144	57
28	Inbound	146	38
28	Inbound	148	37
28	Inbound	149	21
28	Inbound	151	41
28	Outbound	34	53
28	Outbound	36	49
28	Outbound	37	42
28	Outbound	39	44
28	Outbound	41	58
28	Outbound	42	52
28	Outbound	43	61
28	Outbound	44	52
28	Outbound	45	49
28	Outbound	46	56
28	Outbound	47	50
28	Outbound	48	50
28	Outbound	49	66
28	Outbound	50	55
28	Outbound	51	57
28	Outbound	52	82
28	Outbound	53	53
28	Outbound	54	53
28	Outbound	55	61
28	Outbound	56	51
28	Outbound	57	57
28	Outbound	58	65
28	Outbound	59	55
28	Outbound	60	49
28	Outbound	61	66
28	Outbound	62	58
28	Outbound	63	59
28	Outbound	64	55
28	Outbound	65	58
28	Outbound	66	83
28	Outbound	67	57
28	Outbound	68	65
28	Outbound	69	62
28	Outbound	71	61
28	Outbound	72	63
28	Outbound	73	64
28	Outbound	74	59
28	Outbound	75	80
28	Outbound	76	68
28	Outbound	77	60
28	Outbound	78	86
28	Outbound	79	53
28	Outbound	80	73
28	Outbound	81	64
28	Outbound	82	83
28	Outbound	83	70
28	Outbound	84	76
28	Outbound	85	76
28	Outbound	86	77
28	Outbound	87	69
28	Outbound	88	93
28	Outbound	89	58
28	Outbound	90	82
28	Outbound	91	75
28	Outbound	92	70
28	Outbound	93	80
28	Outbound	94	72
28	Outbound	95	100
28	Outbound	96	65
28	Outbound	97	63
28	Outbound	98	78
28	Outbound	99	81
28	Outbound	100	99
28	Outbound	101	82
28	Outbound	102	57
28	Outbound	103	90
28	Outbound	104	86
28	Outbound	105	65
28	Outbound	106	67
28	Outbound	107	81
28	Outbound	108	73
28	Outbound	109	58
28	Outbound	110	49
28	Outbound	111	56
28	Outbound	112	62
28	Outbound	113	59
28	Outbound	114	81
28	Outbound	115	60
28	Outbound	116	60
28	Outbound	117	74
28	Outbound	118	49
28	Outbound	119	63
28	Outbound	120	48
28	Outbound	121	53
28	Outbound	122	72
28	Outbound	123	45
28	Outbound	124	53
28	Outbound	126	52
28	Outbound	128	55
28	Outbound	130	49
28	Outbound	131	36
28	Outbound	132	64
28	Outbound	133	43
28	Outbound	134	61
28	Outbound	135	33
28	Outbound	136	43
28	Outbound	138	50
28	Outbound	140	52
28	Outbound	141	34
28	Outbound	142	59
28	Outbound	143	32
28	Outbound	144	78
28	Outbound	145	45
28	Outbound	146	63
28	Outbound	147	40
28	Outbound	148	53
28	Outbound	150	52
32	Inbound	29	25
32	Inbound	31	40
32	Inbound	32	34
32	Inbound	33	44
32	Inbound	34	24
32	Inbound	35	29
32	Inbound	36	30
32	Inbound	37	32
32	Inbound	38	25
32	Inbound	39	33
32	Inbound	40	26
32	Inbound	41	31
32	Inbound	42	32
32	Inbound	43	30
32	Inbound	44	31
32	Inbound	45	35
32	Inbound	46	27
32	Inbound	47	35
32	Inbound	48	35
32	Inbound	49	38
32	Inbound	50	31
32	Inbound	51	36
32	Inbound	52	31
32	Inbound	53	36
32	Inbound	54	29
32	Inbound	55	33
32	Inbound	56	32
32	Inbound	57	36
32	Inbound	58	20
32	Inbound	59	43
32	Inbound	60	32
32	Inbound	61	39
32	Inbound	62	34
32	Inbound	63	65
32	Inbound	64	18
32	Inbound	65	61
32	Inbound	66	32
32	Inbound	67	42
32	Inbound	68	36
32	Inbound	69	42
32	Inbound	70	25
32	Inbound	71	40
32	Inbound	72	41
32	Inbound	73	46
32	Inbound	74	20
32	Inbound	75	40
32	Inbound	76	44
32	Inbound	77	44
32	Inbound	78	20
32	Inbound	79	46
32	Inbound	80	41
32	Inbound	81	42
32	Inbound	82	31
32	Inbound	84	37
32	Inbound	85	43
32	Inbound	86	40
32	Inbound	87	51
32	Inbound	88	41
32	Inbound	89	35
32	Inbound	90	35
32	Inbound	91	45
32	Inbound	92	32
32	Inbound	93	42
32	Inbound	94	37
32	Inbound	95	43
32	Inbound	96	36
32	Inbound	97	39
32	Inbound	98	37
32	Inbound	99	37
32	Inbound	100	34
32	Inbound	101	37
32	Inbound	102	33
32	Inbound	103	33
32	Inbound	104	33
32	Inbound	105	29
32	Inbound	106	34
32	Inbound	107	35
32	Inbound	108	32
32	Inbound	109	39
32	Inbound	110	29
32	Inbound	111	36
32	Inbound	112	31
32	Inbound	113	27
32	Inbound	114	26
32	Inbound	115	30
32	Inbound	116	23
32	Inbound	117	35
32	Inbound	118	21
32	Inbound	119	35
32	Inbound	120	27
32	Inbound	121	56
32	Inbound	122	23
32	Inbound	123	40
32	Inbound	124	23
32	Inbound	125	38
32	Inbound	126	19
32	Inbound	127	53
32	Inbound	128	23
32	Inbound	130	22
32	Inbound	131	36
32	Inbound	132	17
32	Inbound	133	38
32	Inbound	134	21
32	Inbound	136	31
32	Inbound	137	32
32	Inbound	138	14
32	Inbound	139	46
32	Inbound	140	23
32	Inbound	142	29
32	Inbound	144	13
32	Inbound	145	22
32	Inbound	146	12
32	Inbound	148	19
32	Inbound	150	21
32	Inbound	152	12
32	Outbound	27	19
32	Outbound	29	21
32	Outbound	31	26
32	Outbound	32	24
32	Outbound	33	28
32	Outbound	34	23
32	Outbound	35	27
32	Outbound	36	22
32	Outbound	37	29
32	Outbound	38	28
32	Outbound	39	37
32	Outbound	40	28
32	Outbound	41	33
32	Outbound	42	27
32	Outbound	43	41
32	Outbound	44	35
32	Outbound	45	34
32	Outbound	46	44
32	Outbound	47	39
32	Outbound	48	35
32	Outbound	49	37
32	Outbound	50	35
32	Outbound	51	45
32	Outbound	52	33
32	Outbound	53	37
32	Outbound	54	34
32	Outbound	55	50
32	Outbound	56	29
32	Outbound	57	55
32	Outbound	58	19
32	Outbound	59	34
32	Outbound	60	28
32	Outbound	61	41
32	Outbound	62	36
32	Outbound	63	32
32	Outbound	64	36
32	Outbound	66	31
32	Outbound	67	39
32	Outbound	68	33
32	Outbound	69	41
32	Outbound	70	18
32	Outbound	71	41
32	Outbound	72	31
32	Outbound	73	41
32	Outbound	74	29
32	Outbound	75	40
32	Outbound	76	38
32	Outbound	77	43
32	Outbound	78	28
32	Outbound	80	39
32	Outbound	81	65
32	Outbound	82	32
32	Outbound	84	36
32	Outbound	85	58
32	Outbound	86	30
32	Outbound	87	52
32	Outbound	88	34
32	Outbound	89	45
32	Outbound	90	45
32	Outbound	91	45
32	Outbound	92	40
32	Outbound	93	53
32	Outbound	94	36
32	Outbound	95	54
32	Outbound	96	43
32	Outbound	97	45
32	Outbound	98	40
32	Outbound	99	44
32	Outbound	100	44
32	Outbound	101	46
32	Outbound	102	45
32	Outbound	103	39
32	Outbound	104	48
32	Outbound	105	47
32	Outbound	106	41
32	Outbound	107	46
32	Outbound	108	41
32	Outbound	109	41
32	Outbound	110	41
32	Outbound	111	45
32	Outbound	112	35
32	Outbound	113	38
32	Outbound	114	31
32	Outbound	115	39
32	Outbound	116	30
32	Outbound	117	36
32	Outbound	118	45
32	Outbound	119	39
32	Outbound	120	36
32	Outbound	121	44
32	Outbound	122	32
32	Outbound	123	33
32	Outbound	124	19
32	Outbound	125	56
32	Outbound	126	31
32	Outbound	128	29
32	Outbound	129	39
32	Outbound	130	20
32	Outbound	131	32
32	Outbound	132	37
32	Outbound	134	35
32	Outbound	135	38
32	Outbound	136	23
32	Outbound	137	32
32	Outbound	138	33
32	Outbound	140	31
32	Outbound	141	47
32	Outbound	142	26
32	Outbound	143	51
32	Outbound	144	28
32	Outbound	146	25
32	Outbound	148	32
39	Inbound	30	35
39	Inbound	31	31
39	Inbound	32	28
39	Inbound	33	31
39	Inbound	34	37
39	Inbound	35	39
39	Inbound	36	35
39	Inbound	37	42
39	Inbound	38	48
39	Inbound	39	37
39	Inbound	40	46
39	Inbound	41	42
39	Inbound	42	45
39	Inbound	43	48
39	Inbound	44	67
39	Inbound	45	53
39	Inbound	46	52
39	Inbound	47	65
39	Inbound	48	53
39	Inbound	49	56
39	Inbound	50	75
39	Inbound	51	56
39	Inbound	52	52
39	Inbound	53	55
39	Inbound	54	63
39	Inbound	55	56
39	Inbound	56	97
39	Inbound	57	48
39	Inbound	58	51
39	Inbound	59	49
39	Inbound	60	49
39	Inbound	61	52
39	Inbound	62	54
39	Inbound	63	60
39	Inbound	64	41
39	Inbound	65	66
39	Inbound	66	54
39	Inbound	67	52
39	Inbound	68	55
39	Inbound	69	62
39	Inbound	70	48
39	Inbound	71	62
39	Inbound	72	56
39	Inbound	73	49
39	Inbound	74	51
39	Inbound	75	57
39	Inbound	76	56
39	Inbound	77	72
39	Inbound	78	58
39	Inbound	79	37
39	Inbound	80	63
39	Inbound	81	56
39	Inbound	82	46
39	Inbound	84	72
39	Inbound	85	66
39	Inbound	86	63
39	Inbound	87	52
39	Inbound	88	67
39	Inbound	89	68
39	Inbound	90	63
39	Inbound	91	59
39	Inbound	92	60
39	Inbound	93	39
39	Inbound	94	76
39	Inbound	95	63
39	Inbound	96	59
39	Inbound	97	60
39	Inbound	98	43
39	Inbound	99	57
39	Inbound	100	61
39	Inbound	101	60
39	Inbound	102	65
39	Inbound	103	62
39	Inbound	104	92
39	Inbound	105	62
39	Inbound	106	69
39	Inbound	107	59
39	Inbound	108	67
39	Inbound	109	73
39	Inbound	110	72
39	Inbound	111	52
39	Inbound	112	57
39	Inbound	113	51
39	Inbound	114	70
39	Inbound	115	54
39	Inbound	116	60
39	Inbound	117	55
39	Inbound	118	48
39	Inbound	120	52
39	Inbound	121	46
39	Inbound	122	54
39	Inbound	123	33
39	Inbound	124	35
39	Inbound	126	43
39	Inbound	127	38
39	Inbound	128	39
39	Inbound	129	43
39	Inbound	130	30
39	Inbound	132	34
39	Inbound	133	34
39	Inbound	134	44
39	Inbound	135	33
39	Inbound	136	37
39	Inbound	138	36
39	Inbound	139	48
39	Inbound	140	40
39	Inbound	141	37
39	Inbound	142	34
39	Inbound	144	39
39	Inbound	145	35
39	Inbound	146	30
39	Inbound	147	30
39	Outbound	32	43
39	Outbound	33	36
39	Outbound	34	36
39	Outbound	35	38
39	Outbound	36	43
39	Outbound	37	36
39	Outbound	38	46
39	Outbound	39	35
39	Outbound	40	41
39	Outbound	41	40
39	Outbound	42	40
39	Outbound	43	41
39	Outbound	44	57
39	Outbound	45	45
39	Outbound	46	53
39	Outbound	47	60
39	Outbound	48	46
39	Outbound	49	44
39	Outbound	50	54
39	Outbound	51	51
39	Outbound	52	43
39	Outbound	53	58
39	Outbound	54	41
39	Outbound	55	44
39	Outbound	56	44
39	Outbound	57	46
39	Outbound	58	49
39	Outbound	60	46
39	Outbound	61	49
39	Outbound	62	42
39	Outbound	63	45
39	Outbound	64	43
39	Outbound	65	29
39	Outbound	66	60
39	Outbound	67	57
39	Outbound	68	44
39	Outbound	69	54
39	Outbound	70	56
39	Outbound	71	29
39	Outbound	72	68
39	Outbound	73	46
39	Outbound	74	49
39	Outbound	75	57
39	Outbound	76	26
39	Outbound	77	51
39	Outbound	78	77
39	Outbound	79	53
39	Outbound	80	28
39	Outbound	81	55
39	Outbound	82	71
39	Outbound	83	58
39	Outbound	84	94
39	Outbound	85	60
39	Outbound	86	68
39	Outbound	87	56
39	Outbound	88	62
39	Outbound	89	60
39	Outbound	90	56
39	Outbound	91	61
39	Outbound	92	72
39	Outbound	93	64
39	Outbound	94	64
39	Outbound	95	64
39	Outbound	96	36
39	Outbound	97	77
39	Outbound	98	53
39	Outbound	99	69
39	Outbound	100	62
39	Outbound	101	68
39	Outbound	102	64
39	Outbound	103	94
39	Outbound	104	64
39	Outbound	105	72
39	Outbound	106	66
39	Outbound	107	56
39	Outbound	108	60
39	Outbound	109	64
39	Outbound	110	75
39	Outbound	111	55
39	Outbound	112	61
39	Outbound	113	55
39	Outbound	114	58
39	Outbound	115	68
39	Outbound	116	53
39	Outbound	117	47
39	Outbound	118	52
39	Outbound	119	74
39	Outbound	120	53
39	Outbound	121	37
39	Outbound	122	80
39	Outbound	123	56
39	Outbound	124	53
39	Outbound	125	56
39	Outbound	126	37
39	Outbound	127	37
39	Outbound	128	58
39	Outbound	129	29
39	Outbound	130	38
39	Outbound	131	57
39	Outbound	132	39
39	Outbound	133	39
39	Outbound	134	47
39	Outbound	135	32
39	Outbound	136	35
39	Outbound	137	43
39	Outbound	138	40
39	Outbound	139	31
39	Outbound	140	50
39	Outbound	141	37
39	Outbound	142	38
39	Outbound	143	40
39	Outbound	144	36
39	Outbound	145	35
39	Outbound	146	43
39	Outbound	147	22
39	Outbound	148	39
39	Outbound	149	36
39	Outbound	150	53
57	Inbound	30	33
57	Inbound	32	50
57	Inbound	34	48
57	Inbound	36	43
57	Inbound	37	46
57	Inbound	38	44
57	Inbound	39	40
57	Inbound	40	52
57	Inbound	41	70
57	Inbound	42	42
57	Inbound	43	67
57	Inbound	44	58
57	Inbound	45	72
57	Inbound	46	57
57	Inbound	47	85
57	Inbound	48	56
57	Inbound	49	65
57	Inbound	50	30
57	Inbound	51	61
57	Inbound	52	59
57	Inbound	53	84
57	Inbound	54	65
57	Inbound	55	52
57	Inbound	57	49
57	Inbound	58	61
57	Inbound	59	49
57	Inbound	60	48
57	Inbound	61	60
57	Inbound	62	52
57	Inbound	63	64
57	Inbound	64	50
57	Inbound	65	56
57	Inbound	66	67
57	Inbound	67	47
57	Inbound	68	67
57	Inbound	69	54
57	Inbound	70	63
57	Inbound	71	61
57	Inbound	72	66
57	Inbound	73	68
57	Inbound	74	56
57	Inbound	75	60
57	Inbound	76	69
57	Inbound	77	66
57	Inbound	78	74
57	Inbound	79	60
57	Inbound	80	59
57	Inbound	81	62
57	Inbound	82	60
57	Inbound	83	60
57	Inbound	84	62
57	Inbound	85	91
57	Inbound	86	48
57	Inbound	87	67
57	Inbound	88	50
57	Inbound	89	73
57	Inbound	90	69
57	Inbound	91	54
57	Inbound	92	64
57	Inbound	93	58
57	Inbound	94	85
57	Inbound	95	63
57	Inbound	96	70
57	Inbound	97	77
57	Inbound	98	60
57	Inbound	99	60
57	Inbound	100	79
57	Inbound	101	68
57	Inbound	102	80
57	Inbound	103	68
57	Inbound	104	43
57	Inbound	105	79
57	Inbound	106	61
57	Inbound	107	63
57	Inbound	109	58
57	Inbound	110	98
57	Inbound	111	78
57	Inbound	112	41
57	Inbound	113	82
57	Inbound	114	57
57	Inbound	115	86
57	Inbound	116	46
57	Inbound	117	57
57	Inbound	118	48
57	Inbound	119	89
57	Inbound	120	62
57	Inbound	121	52
57	Inbound	122	68
57	Inbound	123	57
57	Inbound	124	44
57	Inbound	125	45
57	Inbound	126	42
57	Inbound	128	39
57	Inbound	129	53
57	Inbound	130	49
57	Inbound	132	52
57	Inbound	133	61
57	Inbound	134	30
57	Inbound	135	66
57	Inbound	136	34
57	Inbound	137	77
57	Inbound	138	35
57	Inbound	139	64
57	Inbound	140	26
57	Inbound	141	85
57	Inbound	142	30
57	Inbound	143	86
57	Inbound	144	22
57	Inbound	145	47
57	Inbound	147	52
57	Outbound	33	35
57	Outbound	35	38
57	Outbound	37	44
57	Outbound	38	38
57	Outbound	39	37
57	Outbound	40	51
57	Outbound	41	37
57	Outbound	42	49
57	Outbound	43	47
57	Outbound	44	54
57	Outbound	45	44
57	Outbound	47	50
57	Outbound	48	65
57	Outbound	49	48
57	Outbound	50	60
57	Outbound	51	36
57	Outbound	52	58
57	Outbound	53	45
57	Outbound	54	41
57	Outbound	56	48
57	Outbound	57	48
57	Outbound	58	49
57	Outbound	59	46
57	Outbound	60	53
57	Outbound	61	45
57	Outbound	62	45
57	Outbound	63	44
57	Outbound	64	40
57	Outbound	66	45
57	Outbound	67	54
57	Outbound	68	39
57	Outbound	69	65
57	Outbound	70	42
57	Outbound	71	52
57	Outbound	72	63
57	Outbound	73	57
57	Outbound	74	44
57	Outbound	75	63
57	Outbound	76	41
57	Outbound	77	45
57	Outbound	78	46
57	Outbound	79	46
57	Outbound	80	71
57	Outbound	81	46
57	Outbound	82	51
57	Outbound	83	55
57	Outbound	84	49
57	Outbound	85	69
57	Outbound	86	58
57	Outbound	87	43
57	Outbound	88	69
57	Outbound	89	39
57	Outbound	90	32
57	Outbound	91	64
57	Outbound	92	49
57	Outbound	93	61
57	Outbound	94	54
57	Outbound	95	46
57	Outbound	97	58
57	Outbound	98	55
57	Outbound	99	68
57	Outbound	100	55
57	Outbound	102	54
57	Outbound	103	56
57	Outbound	104	87
57	Outbound	105	66
57	Outbound	106	62
57	Outbound	108	67
57	Outbound	109	82
57	Outbound	110	64
57	Outbound	111	69
57	Outbound	112	69
57	Outbound	113	51
57	Outbound	114	75
57	Outbound	115	63
57	Outbound	116	65
57	Outbound	117	50
57	Outbound	118	68
57	Outbound	119	53
57	Outbound	120	64
57	Outbound	121	56
57	Outbound	122	60
57	Outbound	123	44
57	Outbound	124	49
57	Outbound	125	51
57	Outbound	126	62
57	Outbound	127	46
57	Outbound	128	52
57	Outbound	129	28
57	Outbound	130	55
57	Outbound	131	44
57	Outbound	132	75
57	Outbound	133	59
57	Outbound	135	47
57	Outbound	136	69
57	Outbound	137	28
57	Outbound	138	79
57	Outbound	139	35
57	Outbound	140	76
57	Outbound	141	27
57	Outbound	142	51
57	Outbound	143	26
57	Outbound	144	66
57	Outbound	146	61
57	Outbound	147	24
57	Outbound	148	92
66	Inbound	30	51
66	Inbound	32	59
66	Inbound	34	50
66	Inbound	36	65
66	Inbound	37	69
66	Inbound	38	32
66	Inbound	39	59
66	Inbound	40	50
66	Inbound	41	80
66	Inbound	42	57
66	Inbound	43	89
66	Inbound	44	56
66	Inbound	45	85
66	Inbound	46	60
66	Inbound	47	78
66	Inbound	48	52
66	Inbound	49	91
66	Inbound	50	62
66	Inbound	51	80
66	Inbound	52	69
66	Inbound	53	59
66	Inbound	54	72
66	Inbound	55	65
66	Inbound	56	89
66	Inbound	57	73
66	Inbound	58	84
66	Inbound	59	74
66	Inbound	61	69
66	Inbound	62	73
66	Inbound	63	45
66	Inbound	64	86
66	Inbound	65	73
66	Inbound	67	62
66	Inbound	68	85
66	Inbound	69	50
66	Inbound	70	113
66	Inbound	71	41
66	Inbound	72	92
66	Inbound	73	69
66	Inbound	75	70
66	Inbound	77	86
66	Inbound	78	104
66	Inbound	79	53
66	Inbound	80	91
66	Inbound	81	87
66	Inbound	82	114
66	Inbound	83	98
66	Inbound	84	109
66	Inbound	85	71
66	Inbound	86	75
66	Inbound	87	98
66	Inbound	88	120
66	Inbound	89	71
66	Inbound	90	90
66	Inbound	91	75
66	Inbound	92	94
66	Inbound	93	79
66	Inbound	94	97
66	Inbound	95	82
66	Inbound	96	99
66	Inbound	97	77
66	Inbound	98	111
66	Inbound	99	76
66	Inbound	100	108
66	Inbound	101	93
66	Inbound	102	114
66	Inbound	103	73
66	Inbound	104	93
66	Inbound	105	71
66	Inbound	106	97
66	Inbound	107	91
66	Inbound	108	103
66	Inbound	109	78
66	Inbound	110	88
66	Inbound	111	70
66	Inbound	112	81
66	Inbound	113	73
66	Inbound	114	79
66	Inbound	115	69
66	Inbound	117	57
66	Inbound	118	72
66	Inbound	119	45
66	Inbound	120	71
66	Inbound	121	67
66	Inbound	123	65
66	Inbound	124	63
66	Inbound	125	47
66	Inbound	126	77
66	Inbound	127	40
66	Inbound	128	69
66	Inbound	129	44
66	Inbound	130	75
66	Inbound	131	38
66	Inbound	132	73
66	Inbound	133	48
66	Inbound	134	73
66	Inbound	135	43
66	Inbound	136	73
66	Inbound	137	46
66	Inbound	138	48
66	Inbound	139	52
66	Inbound	140	74
66	Inbound	141	37
66	Inbound	142	71
66	Inbound	144	48
66	Inbound	147	47
66	Inbound	150	47
66	Outbound	28	42
66	Outbound	31	73
66	Outbound	33	60
66	Outbound	34	67
66	Outbound	36	52
66	Outbound	37	54
66	Outbound	38	59
66	Outbound	39	44
66	Outbound	40	53
66	Outbound	41	62
66	Outbound	42	58
66	Outbound	43	86
66	Outbound	44	87
66	Outbound	45	104
66	Outbound	46	71
66	Outbound	47	95
66	Outbound	48	76
66	Outbound	49	85
66	Outbound	50	74
66	Outbound	51	86
66	Outbound	52	67
66	Outbound	53	62
66	Outbound	54	93
66	Outbound	55	78
66	Outbound	56	85
66	Outbound	57	62
66	Outbound	58	77
66	Outbound	59	43
66	Outbound	60	97
66	Outbound	61	70
66	Outbound	63	79
66	Outbound	64	104
66	Outbound	66	79
66	Outbound	67	87
66	Outbound	68	79
66	Outbound	69	81
66	Outbound	70	58
66	Outbound	71	88
66	Outbound	72	85
66	Outbound	74	87
66	Outbound	75	113
66	Outbound	76	81
66	Outbound	77	116
66	Outbound	78	85
66	Outbound	80	97
66	Outbound	81	90
66	Outbound	82	91
66	Outbound	83	79
66	Outbound	84	69
66	Outbound	85	88
66	Outbound	86	97
66	Outbound	87	93
66	Outbound	88	84
66	Outbound	89	102
66	Outbound	90	88
66	Outbound	91	102
66	Outbound	92	65
66	Outbound	93	101
66	Outbound	94	76
66	Outbound	95	94
66	Outbound	96	82
66	Outbound	97	111
66	Outbound	98	74
66	Outbound	99	91
66	Outbound	100	94
66	Outbound	101	115
66	Outbound	102	55
66	Outbound	103	104
66	Outbound	104	94
66	Outbound	105	96
66	Outbound	106	69
66	Outbound	107	99
66	Outbound	108	79
66	Outbound	109	92
66	Outbound	110	73
66	Outbound	112	64
66	Outbound	113	82
66	Outbound	114	68
66	Outbound	115	81
66	Outbound	116	53
66	Outbound	117	82
66	Outbound	118	46
66	Outbound	120	65
66	Outbound	122	59
66	Outbound	124	69
66	Outbound	125	57
66	Outbound	126	67
66	Outbound	127	39
66	Outbound	128	64
66	Outbound	129	52
66	Outbound	130	73
66	Outbound	131	50
66	Outbound	132	78
66	Outbound	133	52
66	Outbound	134	55
66	Outbound	135	60
66	Outbound	136	66
66	Outbound	137	44
66	Outbound	138	76
66	Outbound	139	47
66	Outbound	140	75
66	Outbound	141	41
66	Outbound	142	58
66	Outbound	143	39
66	Outbound	145	81
66	Outbound	147	47
66	Outbound	150	21
71	Inbound	31	35
71	Inbound	33	30
71	Inbound	35	33
71	Inbound	36	35
71	Inbound	37	36
71	Inbound	38	37
71	Inbound	39	30
71	Inbound	40	39
71	Inbound	41	41
71	Inbound	42	40
71	Inbound	43	28
71	Inbound	44	47
71	Inbound	45	44
71	Inbound	46	48
71	Inbound	47	45
71	Inbound	48	52
71	Inbound	49	48
71	Inbound	50	52
71	Inbound	51	34
71	Inbound	52	49
71	Inbound	53	47
71	Inbound	54	41
71	Inbound	55	46
71	Inbound	56	57
71	Inbound	57	40
71	Inbound	58	39
71	Inbound	59	40
71	Inbound	61	34
71	Inbound	62	58
71	Inbound	63	31
71	Inbound	64	45
71	Inbound	65	49
71	Inbound	67	41
71	Inbound	68	71
71	Inbound	69	30
71	Inbound	70	40
71	Inbound	71	25
71	Inbound	73	32
71	Inbound	74	53
71	Inbound	75	25
71	Inbound	76	45
71	Inbound	77	51
71	Inbound	78	2
71	Inbound	79	35
71	Inbound	80	53
71	Inbound	81	26
71	Inbound	82	53
71	Inbound	83	37
71	Inbound	84	99
71	Inbound	85	28
71	Inbound	86	56
71	Inbound	87	45
71	Inbound	88	42
71	Inbound	89	37
71	Inbound	90	73
71	Inbound	91	47
71	Inbound	92	56
71	Inbound	93	40
71	Inbound	94	51
71	Inbound	95	39
71	Inbound	96	79
71	Inbound	97	39
71	Inbound	98	46
71	Inbound	99	38
71	Inbound	100	64
71	Inbound	101	43
71	Inbound	102	51
71	Inbound	103	39
71	Inbound	104	52
71	Inbound	105	32
71	Inbound	106	50
71	Inbound	107	34
71	Inbound	108	86
71	Inbound	109	51
71	Inbound	110	61
71	Inbound	111	34
71	Inbound	112	45
71	Inbound	113	34
71	Inbound	114	85
71	Inbound	115	46
71	Inbound	116	52
71	Inbound	117	38
71	Inbound	118	32
71	Inbound	119	39
71	Inbound	121	35
71	Inbound	122	32
71	Inbound	123	32
71	Inbound	124	42
71	Inbound	125	28
71	Inbound	126	36
71	Inbound	127	32
71	Inbound	128	51
71	Inbound	129	26
71	Inbound	130	42
71	Inbound	131	34
71	Inbound	132	50
71	Inbound	133	37
71	Inbound	134	35
71	Inbound	135	21
71	Inbound	136	32
71	Inbound	137	36
71	Inbound	138	41
71	Inbound	139	34
71	Inbound	140	36
71	Inbound	141	31
71	Inbound	142	37
71	Inbound	143	40
71	Inbound	144	31
71	Inbound	145	17
71	Inbound	146	38
71	Inbound	148	41
71	Inbound	149	33
71	Outbound	29	28
71	Outbound	31	22
71	Outbound	33	27
71	Outbound	34	20
71	Outbound	35	26
71	Outbound	36	24
71	Outbound	37	27
71	Outbound	38	23
71	Outbound	39	35
71	Outbound	40	33
71	Outbound	41	36
71	Outbound	42	27
71	Outbound	43	32
71	Outbound	44	21
71	Outbound	45	40
71	Outbound	46	30
71	Outbound	47	40
71	Outbound	48	38
71	Outbound	49	40
71	Outbound	50	27
71	Outbound	51	40
71	Outbound	52	34
71	Outbound	53	42
71	Outbound	54	28
71	Outbound	55	43
71	Outbound	56	17
71	Outbound	57	34
71	Outbound	58	41
71	Outbound	59	47
71	Outbound	60	29
71	Outbound	61	54
71	Outbound	62	26
71	Outbound	64	28
71	Outbound	65	48
71	Outbound	66	19
71	Outbound	67	35
71	Outbound	68	31
71	Outbound	70	24
71	Outbound	71	51
71	Outbound	72	26
71	Outbound	74	26
71	Outbound	75	62
71	Outbound	76	11
71	Outbound	77	49
71	Outbound	78	33
71	Outbound	80	37
71	Outbound	81	91
71	Outbound	82	15
71	Outbound	83	48
71	Outbound	84	33
71	Outbound	85	32
71	Outbound	86	35
71	Outbound	87	80
71	Outbound	88	29
71	Outbound	89	58
71	Outbound	90	16
71	Outbound	91	46
71	Outbound	92	39
71	Outbound	93	62
71	Outbound	94	29
71	Outbound	95	59
71	Outbound	96	31
71	Outbound	97	54
71	Outbound	98	36
71	Outbound	99	42
71	Outbound	100	26
71	Outbound	101	52
71	Outbound	102	37
71	Outbound	103	57
71	Outbound	104	37
71	Outbound	105	89
71	Outbound	106	41
71	Outbound	107	60
71	Outbound	108	30
71	Outbound	109	46
71	Outbound	110	32
71	Outbound	111	43
71	Outbound	112	61
71	Outbound	114	42
71	Outbound	115	47
71	Outbound	116	30
71	Outbound	117	57
71	Outbound	118	19
71	Outbound	119	58
71	Outbound	120	30
71	Outbound	122	30
71	Outbound	123	37
71	Outbound	124	18
71	Outbound	125	35
71	Outbound	126	18
71	Outbound	127	43
71	Outbound	128	16
71	Outbound	129	51
71	Outbound	130	16
71	Outbound	131	39
71	Outbound	132	18
71	Outbound	133	36
71	Outbound	134	14
71	Outbound	135	42
71	Outbound	136	17
71	Outbound	137	39
71	Outbound	138	18
71	Outbound	139	37
71	Outbound	140	17
71	Outbound	141	27
71	Outbound	142	16
71	Outbound	144	37
71	Outbound	145	19
71	Outbound	146	34
71	Outbound	148	33
71	Outbound	150	16
73	Inbound	30	27
73	Inbound	32	30
73	Inbound	34	32
73	Inbound	36	31
73	Inbound	37	33
73	Inbound	38	35
73	Inbound	39	46
73	Inbound	40	38
73	Inbound	41	38
73	Inbound	42	39
73	Inbound	43	42
73	Inbound	44	48
73	Inbound	45	53
73	Inbound	46	42
73	Inbound	47	55
73	Inbound	48	45
73	Inbound	49	61
73	Inbound	50	44
73	Inbound	51	54
73	Inbound	52	41
73	Inbound	53	45
73	Inbound	54	42
73	Inbound	55	45
73	Inbound	56	36
73	Inbound	57	48
73	Inbound	58	32
73	Inbound	59	37
73	Inbound	60	29
73	Inbound	61	45
73	Inbound	62	29
73	Inbound	63	64
73	Inbound	64	38
73	Inbound	66	46
73	Inbound	67	91
73	Inbound	68	23
73	Inbound	69	52
73	Inbound	70	38
73	Inbound	72	41
73	Inbound	73	51
73	Inbound	74	28
73	Inbound	75	56
73	Inbound	76	39
73	Inbound	78	36
73	Inbound	79	52
73	Inbound	80	24
73	Inbound	81	47
73	Inbound	82	41
73	Inbound	84	40
73	Inbound	85	58
73	Inbound	86	33
73	Inbound	87	38
73	Inbound	89	46
73	Inbound	90	38
73	Inbound	91	44
73	Inbound	92	37
73	Inbound	93	46
73	Inbound	94	33
73	Inbound	95	42
73	Inbound	96	39
73	Inbound	97	50
73	Inbound	98	45
73	Inbound	99	47
73	Inbound	100	40
73	Inbound	101	44
73	Inbound	102	41
73	Inbound	103	56
73	Inbound	104	48
73	Inbound	105	48
73	Inbound	106	38
73	Inbound	107	43
73	Inbound	108	44
73	Inbound	109	47
73	Inbound	110	49
73	Inbound	111	50
73	Inbound	112	40
73	Inbound	113	36
73	Inbound	114	44
73	Inbound	115	52
73	Inbound	116	47
73	Inbound	117	45
73	Inbound	118	35
73	Inbound	119	42
73	Inbound	120	35
73	Inbound	121	32
73	Inbound	122	26
73	Inbound	123	33
73	Inbound	124	29
73	Inbound	125	41
73	Inbound	126	29
73	Inbound	127	49
73	Inbound	128	19
73	Inbound	129	46
73	Inbound	130	34
73	Inbound	131	35
73	Inbound	132	24
73	Inbound	133	51
73	Inbound	134	32
73	Inbound	135	40
73	Inbound	136	29
73	Inbound	137	43
73	Inbound	138	22
73	Inbound	139	33
73	Inbound	140	30
73	Inbound	142	17
73	Inbound	143	35
73	Inbound	144	33
73	Inbound	148	44
73	Outbound	28	16
73	Outbound	30	20
73	Outbound	32	23
73	Outbound	34	21
73	Outbound	35	27
73	Outbound	36	22
73	Outbound	37	18
73	Outbound	38	21
73	Outbound	39	25
73	Outbound	40	27
73	Outbound	41	23
73	Outbound	42	33
73	Outbound	43	26
73	Outbound	44	40
73	Outbound	45	34
73	Outbound	46	35
73	Outbound	47	31
73	Outbound	48	42
73	Outbound	49	35
73	Outbound	50	32
73	Outbound	51	26
73	Outbound	52	44
73	Outbound	53	34
73	Outbound	54	41
73	Outbound	55	27
73	Outbound	56	31
73	Outbound	57	25
73	Outbound	59	25
73	Outbound	60	39
73	Outbound	61	28
73	Outbound	63	46
73	Outbound	64	24
73	Outbound	65	38
73	Outbound	66	38
73	Outbound	67	32
73	Outbound	69	29
73	Outbound	70	72
73	Outbound	71	20
73	Outbound	72	40
73	Outbound	73	28
73	Outbound	75	29
73	Outbound	76	45
73	Outbound	77	19
73	Outbound	78	57
73	Outbound	79	31
73	Outbound	81	30
73	Outbound	82	53
73	Outbound	83	19
73	Outbound	84	37
73	Outbound	85	25
73	Outbound	86	55
73	Outbound	87	33
73	Outbound	88	41
73	Outbound	89	35
73	Outbound	90	43
73	Outbound	91	23
73	Outbound	92	36
73	Outbound	93	34
73	Outbound	94	35
73	Outbound	95	35
73	Outbound	96	34
73	Outbound	97	31
73	Outbound	98	38
73	Outbound	99	35
73	Outbound	100	52
73	Outbound	101	38
73	Outbound	102	45
73	Outbound	103	41
73	Outbound	104	50
73	Outbound	105	39
73	Outbound	106	58
73	Outbound	107	44
73	Outbound	108	50
73	Outbound	109	36
73	Outbound	110	45
73	Outbound	111	41
73	Outbound	112	43
73	Outbound	113	49
73	Outbound	114	52
73	Outbound	115	37
73	Outbound	116	47
73	Outbound	117	18
73	Outbound	118	49
73	Outbound	119	25
73	Outbound	121	30
73	Outbound	122	35
73	Outbound	123	25
73	Outbound	125	31
73	Outbound	126	45
73	Outbound	127	14
73	Outbound	128	34
73	Outbound	129	18
73	Outbound	130	50
73	Outbound	131	18
73	Outbound	132	40
73	Outbound	133	19
73	Outbound	134	40
73	Outbound	135	20
73	Outbound	136	36
73	Outbound	137	17
73	Outbound	138	32
73	Outbound	139	16
73	Outbound	140	36
73	Outbound	141	16
73	Outbound	142	36
73	Outbound	143	20
73	Outbound	145	31
73	Outbound	146	13
73	Outbound	150	18
77	Inbound	28	30
77	Inbound	29	35
77	Inbound	30	34
77	Inbound	31	31
77	Inbound	32	36
77	Inbound	33	31
77	Inbound	34	32
77	Inbound	35	21
77	Inbound	36	32
77	Inbound	37	36
77	Inbound	38	36
77	Inbound	39	36
77	Inbound	40	37
77	Inbound	41	33
77	Inbound	42	46
77	Inbound	43	56
77	Inbound	44	47
77	Inbound	45	73
77	Inbound	46	53
77	Inbound	47	64
77	Inbound	48	49
77	Inbound	49	69
77	Inbound	50	53
77	Inbound	51	51
77	Inbound	52	41
77	Inbound	53	56
77	Inbound	54	51
77	Inbound	55	42
77	Inbound	56	54
77	Inbound	57	49
77	Inbound	58	53
77	Inbound	59	85
77	Inbound	60	42
77	Inbound	61	67
77	Inbound	62	39
77	Inbound	63	41
77	Inbound	65	48
77	Inbound	66	49
77	Inbound	67	62
77	Inbound	68	61
77	Inbound	69	61
77	Inbound	70	33
77	Inbound	71	69
77	Inbound	72	51
77	Inbound	73	45
77	Inbound	74	67
77	Inbound	75	45
77	Inbound	77	53
77	Inbound	78	63
77	Inbound	79	63
77	Inbound	80	82
77	Inbound	81	57
77	Inbound	82	50
77	Inbound	83	46
77	Inbound	84	49
77	Inbound	85	45
77	Inbound	86	67
77	Inbound	87	54
77	Inbound	88	52
77	Inbound	89	61
77	Inbound	90	38
77	Inbound	91	47
77	Inbound	92	48
77	Inbound	93	42
77	Inbound	94	32
77	Inbound	95	56
77	Inbound	96	49
77	Inbound	97	42
77	Inbound	98	41
77	Inbound	99	69
77	Inbound	100	50
77	Inbound	101	50
77	Inbound	102	65
77	Inbound	103	54
77	Inbound	104	57
77	Inbound	105	52
77	Inbound	106	60
77	Inbound	107	55
77	Inbound	108	55
77	Inbound	109	68
77	Inbound	110	64
77	Inbound	111	49
77	Inbound	112	35
77	Inbound	113	64
77	Inbound	114	45
77	Inbound	115	48
77	Inbound	116	50
77	Inbound	117	43
77	Inbound	118	33
77	Inbound	119	62
77	Inbound	120	37
77	Inbound	121	21
77	Inbound	122	54
77	Inbound	123	38
77	Inbound	124	36
77	Inbound	125	64
77	Inbound	126	42
77	Inbound	127	28
77	Inbound	128	40
77	Inbound	129	38
77	Inbound	130	40
77	Inbound	131	46
77	Inbound	132	25
77	Inbound	133	41
77	Inbound	134	46
77	Inbound	135	36
77	Inbound	136	28
77	Inbound	137	55
77	Inbound	138	36
77	Inbound	139	35
77	Inbound	141	37
77	Inbound	142	42
77	Inbound	143	30
77	Inbound	144	32
77	Inbound	145	39
77	Inbound	146	50
77	Inbound	147	35
77	Outbound	31	22
77	Outbound	32	18
77	Outbound	33	25
77	Outbound	34	35
77	Outbound	36	25
77	Outbound	37	24
77	Outbound	38	47
77	Outbound	39	24
77	Outbound	40	45
77	Outbound	41	32
77	Outbound	42	41
77	Outbound	43	34
77	Outbound	44	46
77	Outbound	45	31
77	Outbound	46	53
77	Outbound	47	42
77	Outbound	48	40
77	Outbound	49	37
77	Outbound	50	44
77	Outbound	51	36
77	Outbound	52	43
77	Outbound	53	34
77	Outbound	54	36
77	Outbound	55	34
77	Outbound	56	33
77	Outbound	57	29
77	Outbound	58	34
77	Outbound	59	58
77	Outbound	60	33
77	Outbound	61	37
77	Outbound	62	28
77	Outbound	63	32
77	Outbound	64	55
77	Outbound	65	38
77	Outbound	66	45
77	Outbound	67	37
77	Outbound	68	33
77	Outbound	69	38
77	Outbound	70	33
77	Outbound	72	35
77	Outbound	73	45
77	Outbound	74	38
77	Outbound	75	41
77	Outbound	76	53
77	Outbound	77	26
77	Outbound	78	55
77	Outbound	79	39
77	Outbound	80	48
77	Outbound	81	56
77	Outbound	82	40
77	Outbound	83	53
77	Outbound	84	40
77	Outbound	85	58
77	Outbound	86	37
77	Outbound	87	38
77	Outbound	88	47
77	Outbound	89	44
77	Outbound	90	44
77	Outbound	91	50
77	Outbound	92	60
77	Outbound	93	53
77	Outbound	94	42
77	Outbound	95	39
77	Outbound	96	51
77	Outbound	97	37
77	Outbound	98	37
77	Outbound	99	51
77	Outbound	100	78
77	Outbound	101	48
77	Outbound	102	50
77	Outbound	103	68
77	Outbound	104	47
77	Outbound	105	40
77	Outbound	106	48
77	Outbound	107	61
77	Outbound	108	45
77	Outbound	109	56
77	Outbound	110	71
77	Outbound	111	50
77	Outbound	112	40
77	Outbound	113	46
77	Outbound	114	34
77	Outbound	115	38
77	Outbound	116	47
77	Outbound	117	39
77	Outbound	118	36
77	Outbound	119	49
77	Outbound	120	32
77	Outbound	121	38
77	Outbound	122	38
77	Outbound	123	28
77	Outbound	124	29
77	Outbound	125	41
77	Outbound	126	23
77	Outbound	127	32
77	Outbound	128	39
77	Outbound	129	37
77	Outbound	130	29
77	Outbound	131	37
77	Outbound	132	25
77	Outbound	133	44
77	Outbound	134	33
77	Outbound	135	35
77	Outbound	136	17
77	Outbound	137	32
77	Outbound	138	25
77	Outbound	139	31
77	Outbound	140	30
77	Outbound	141	20
77	Outbound	142	22
77	Outbound	143	44
77	Outbound	144	27
77	Outbound	145	19
77	Outbound	146	23
77	Outbound	147	27
77	Outbound	148	33
77	Outbound	150	21
77	Outbound	151	37
111	Inbound	28	35
111	Inbound	29	31
111	Inbound	30	30
111	Inbound	31	32
111	Inbound	32	41
111	Inbound	33	30
111	Inbound	34	40
111	Inbound	35	44
111	Inbound	36	31
111	Inbound	37	41
111	Inbound	38	46
111	Inbound	39	38
111	Inbound	40	53
111	Inbound	41	50
111	Inbound	42	52
111	Inbound	43	49
111	Inbound	44	45
111	Inbound	45	53
111	Inbound	46	49
111	Inbound	47	47
111	Inbound	48	50
111	Inbound	49	52
111	Inbound	50	46
111	Inbound	51	47
111	Inbound	52	40
111	Inbound	53	58
111	Inbound	54	41
111	Inbound	55	45
111	Inbound	56	38
111	Inbound	57	31
111	Inbound	58	35
111	Inbound	59	56
111	Inbound	60	55
111	Inbound	61	35
111	Inbound	62	42
111	Inbound	63	18
111	Inbound	64	49
111	Inbound	65	57
111	Inbound	66	41
111	Inbound	67	53
111	Inbound	68	40
111	Inbound	70	42
111	Inbound	71	34
111	Inbound	72	42
111	Inbound	73	49
111	Inbound	74	44
111	Inbound	75	28
111	Inbound	76	61
111	Inbound	77	37
111	Inbound	78	40
111	Inbound	79	52
111	Inbound	80	44
111	Inbound	81	37
111	Inbound	82	37
111	Inbound	83	62
111	Inbound	84	44
111	Inbound	85	45
111	Inbound	86	59
111	Inbound	87	52
111	Inbound	88	46
111	Inbound	89	40
111	Inbound	90	55
111	Inbound	91	45
111	Inbound	92	46
111	Inbound	93	49
111	Inbound	94	42
111	Inbound	95	50
111	Inbound	96	46
111	Inbound	97	54
111	Inbound	98	41
111	Inbound	99	43
111	Inbound	100	61
111	Inbound	101	48
111	Inbound	102	48
111	Inbound	103	51
111	Inbound	104	54
111	Inbound	105	51
111	Inbound	106	48
111	Inbound	107	62
111	Inbound	108	57
111	Inbound	109	56
111	Inbound	110	45
111	Inbound	111	67
111	Inbound	112	54
111	Inbound	113	48
111	Inbound	114	63
111	Inbound	115	36
111	Inbound	116	41
111	Inbound	117	30
111	Inbound	118	34
111	Inbound	119	48
111	Inbound	120	53
111	Inbound	121	45
111	Inbound	122	29
111	Inbound	123	54
111	Inbound	124	34
111	Inbound	125	37
111	Inbound	126	41
111	Inbound	127	31
111	Inbound	128	47
111	Inbound	129	28
111	Inbound	130	34
111	Inbound	131	39
111	Inbound	132	32
111	Inbound	133	45
111	Inbound	134	40
111	Inbound	135	26
111	Inbound	136	44
111	Inbound	137	33
111	Inbound	138	44
111	Inbound	139	41
111	Inbound	141	34
111	Inbound	142	32
111	Inbound	143	44
111	Inbound	144	22
111	Inbound	145	57
111	Inbound	146	40
111	Inbound	148	48
111	Outbound	31	43
111	Outbound	32	35
111	Outbound	33	36
111	Outbound	34	43
111	Outbound	35	33
111	Outbound	36	42
111	Outbound	37	32
111	Outbound	38	40
111	Outbound	39	31
111	Outbound	40	39
111	Outbound	41	40
111	Outbound	42	34
111	Outbound	43	35
111	Outbound	44	48
111	Outbound	45	32
111	Outbound	46	57
111	Outbound	47	36
111	Outbound	48	38
111	Outbound	49	53
111	Outbound	50	40
111	Outbound	51	39
111	Outbound	52	42
111	Outbound	53	45
111	Outbound	54	35
111	Outbound	55	38
111	Outbound	56	43
111	Outbound	57	60
111	Outbound	58	39
111	Outbound	59	40
111	Outbound	61	53
111	Outbound	62	52
111	Outbound	63	43
111	Outbound	64	35
111	Outbound	65	48
111	Outbound	66	24
111	Outbound	67	37
111	Outbound	68	36
111	Outbound	69	47
111	Outbound	70	53
111	Outbound	71	42
111	Outbound	72	26
111	Outbound	73	51
111	Outbound	74	41
111	Outbound	75	42
111	Outbound	76	54
111	Outbound	77	41
111	Outbound	78	24
111	Outbound	79	35
111	Outbound	80	80
111	Outbound	81	39
111	Outbound	82	51
111	Outbound	83	54
111	Outbound	84	50
111	Outbound	85	48
111	Outbound	86	46
111	Outbound	87	69
111	Outbound	88	50
111	Outbound	89	45
111	Outbound	90	54
111	Outbound	91	44
111	Outbound	92	52
111	Outbound	93	49
111	Outbound	94	59
111	Outbound	95	48
111	Outbound	96	53
111	Outbound	97	54
111	Outbound	98	62
111	Outbound	99	57
111	Outbound	100	53
111	Outbound	101	71
111	Outbound	102	61
111	Outbound	103	61
111	Outbound	104	71
111	Outbound	105	58
111	Outbound	106	63
111	Outbound	107	66
111	Outbound	108	66
111	Outbound	109	45
111	Outbound	110	64
111	Outbound	111	56
111	Outbound	112	92
111	Outbound	113	58
111	Outbound	114	45
111	Outbound	115	55
111	Outbound	116	51
111	Outbound	117	70
111	Outbound	118	40
111	Outbound	119	48
111	Outbound	120	55
111	Outbound	121	39
111	Outbound	122	70
111	Outbound	123	42
111	Outbound	124	45
111	Outbound	125	48
111	Outbound	126	36
111	Outbound	127	52
111	Outbound	128	38
111	Outbound	129	49
111	Outbound	130	41
111	Outbound	131	46
111	Outbound	132	44
111	Outbound	133	42
111	Outbound	134	60
111	Outbound	135	36
111	Outbound	136	39
111	Outbound	137	41
111	Outbound	138	48
111	Outbound	139	57
111	Outbound	140	41
111	Outbound	141	45
111	Outbound	142	47
111	Outbound	144	45
111	Outbound	145	58
111	Outbound	146	28
111	Outbound	147	43
111	Outbound	148	42
111	Outbound	149	47
111	Outbound	150	58
116	Inbound	31	51
116	Inbound	33	40
116	Inbound	35	49
116	Inbound	36	37
116	Inbound	37	47
116	Inbound	38	45
116	Inbound	39	53
116	Inbound	40	35
116	Inbound	41	62
116	Inbound	42	32
116	Inbound	43	53
116	Inbound	44	30
116	Inbound	45	56
116	Inbound	46	36
116	Inbound	47	46
116	Inbound	48	48
116	Inbound	50	47
116	Inbound	51	35
116	Inbound	52	45
116	Inbound	54	46
116	Inbound	57	69
116	Inbound	58	41
116	Inbound	60	75
116	Inbound	61	40
116	Inbound	63	75
116	Inbound	65	36
116	Inbound	66	65
116	Inbound	68	39
116	Inbound	69	63
116	Inbound	72	54
116	Inbound	75	63
116	Inbound	76	33
116	Inbound	77	64
116	Inbound	79	59
116	Inbound	81	61
116	Inbound	83	52
116	Inbound	85	87
116	Inbound	86	38
116	Inbound	87	92
116	Inbound	89	79
116	Inbound	90	46
116	Inbound	91	77
116	Inbound	93	85
116	Inbound	94	37
116	Inbound	96	78
116	Inbound	97	67
116	Inbound	99	70
116	Inbound	101	33
116	Inbound	102	56
116	Inbound	104	45
116	Inbound	105	43
116	Inbound	106	74
116	Inbound	108	50
116	Inbound	111	42
116	Inbound	112	57
116	Inbound	114	37
116	Inbound	115	35
116	Inbound	116	64
116	Inbound	117	22
116	Inbound	120	47
116	Inbound	121	30
116	Inbound	123	25
116	Inbound	124	39
116	Inbound	127	30
116	Inbound	128	43
116	Inbound	129	29
116	Inbound	132	40
116	Inbound	136	44
116	Inbound	140	39
116	Inbound	144	32
116	Outbound	32	27
116	Outbound	33	36
116	Outbound	36	46
116	Outbound	37	36
116	Outbound	39	59
116	Outbound	41	41
116	Outbound	42	32
116	Outbound	43	50
116	Outbound	44	18
116	Outbound	45	48
116	Outbound	46	27
116	Outbound	47	17
116	Outbound	48	56
116	Outbound	49	27
116	Outbound	50	57
116	Outbound	51	51
116	Outbound	53	37
116	Outbound	55	70
116	Outbound	56	34
116	Outbound	57	76
116	Outbound	60	47
116	Outbound	63	46
116	Outbound	66	67
116	Outbound	67	32
116	Outbound	69	57
116	Outbound	71	38
116	Outbound	72	66
116	Outbound	74	35
116	Outbound	75	76
116	Outbound	78	48
116	Outbound	80	61
116	Outbound	81	43
116	Outbound	82	70
116	Outbound	84	79
116	Outbound	85	32
116	Outbound	87	77
116	Outbound	89	67
116	Outbound	91	87
116	Outbound	92	36
116	Outbound	93	73
116	Outbound	95	76
116	Outbound	96	34
116	Outbound	97	51
116	Outbound	99	50
116	Outbound	100	40
116	Outbound	101	67
116	Outbound	103	68
116	Outbound	105	83
116	Outbound	106	28
116	Outbound	107	58
116	Outbound	108	72
116	Outbound	109	32
116	Outbound	110	32
116	Outbound	111	64
116	Outbound	113	53
116	Outbound	114	56
116	Outbound	116	30
116	Outbound	117	54
116	Outbound	118	34
116	Outbound	121	56
116	Outbound	122	27
116	Outbound	125	33
116	Outbound	126	54
116	Outbound	128	31
116	Outbound	129	46
116	Outbound	130	27
116	Outbound	133	48
116	Outbound	137	37
116	Outbound	141	37
116	Outbound	145	38
116	Outbound	150	40
117	Inbound	26	50
117	Inbound	27	59
117	Inbound	29	48
117	Inbound	30	45
117	Inbound	33	46
117	Inbound	34	46
117	Inbound	36	47
117	Inbound	37	61
117	Inbound	38	41
117	Inbound	40	55
117	Inbound	42	44
117	Inbound	44	70
117	Inbound	45	38
117	Inbound	46	61
117	Inbound	47	61
117	Inbound	49	56
117	Inbound	51	65
117	Inbound	53	49
117	Inbound	56	56
117	Inbound	59	69
117	Inbound	60	50
117	Inbound	62	73
117	Inbound	64	45
117	Inbound	65	56
117	Inbound	67	38
117	Inbound	68	64
117	Inbound	71	53
117	Inbound	74	51
117	Inbound	76	56
117	Inbound	78	50
117	Inbound	80	65
117	Inbound	82	36
117	Inbound	83	62
117	Inbound	85	54
117	Inbound	87	73
117	Inbound	89	58
117	Inbound	91	87
117	Inbound	92	30
117	Inbound	93	70
117	Inbound	95	74
117	Inbound	96	37
117	Inbound	97	66
117	Inbound	99	69
117	Inbound	100	15
117	Inbound	101	77
117	Inbound	103	50
117	Inbound	105	58
117	Inbound	107	44
117	Inbound	110	45
117	Inbound	114	54
117	Inbound	118	55
117	Inbound	122	40
117	Inbound	126	42
117	Inbound	130	43
117	Inbound	134	38
117	Inbound	138	46
117	Inbound	139	18
117	Inbound	142	54
117	Inbound	143	23
117	Inbound	147	47
117	Inbound	152	9
117	Outbound	31	12
117	Outbound	33	2
117	Outbound	34	51
117	Outbound	35	33
117	Outbound	36	24
117	Outbound	38	59
117	Outbound	39	24
117	Outbound	40	49
117	Outbound	42	58
117	Outbound	43	25
117	Outbound	45	58
117	Outbound	47	39
117	Outbound	49	66
117	Outbound	51	42
117	Outbound	52	37
117	Outbound	54	43
117	Outbound	56	60
117	Outbound	58	54
117	Outbound	61	63
117	Outbound	62	32
117	Outbound	64	75
117	Outbound	65	35
117	Outbound	67	66
117	Outbound	69	33
117	Outbound	70	70
117	Outbound	72	39
117	Outbound	73	67
117	Outbound	76	56
117	Outbound	79	65
117	Outbound	80	36
117	Outbound	81	62
117	Outbound	83	58
117	Outbound	85	77
117	Outbound	87	38
117	Outbound	88	70
117	Outbound	90	49
117	Outbound	92	72
117	Outbound	94	59
117	Outbound	96	106
117	Outbound	98	51
117	Outbound	100	72
117	Outbound	101	39
117	Outbound	102	51
117	Outbound	104	80
117	Outbound	105	29
117	Outbound	106	56
117	Outbound	107	62
117	Outbound	108	23
117	Outbound	110	66
117	Outbound	112	58
117	Outbound	115	67
117	Outbound	116	43
117	Outbound	119	41
117	Outbound	123	51
117	Outbound	127	41
117	Outbound	131	36
117	Outbound	135	36
117	Outbound	139	45
117	Outbound	143	39
117	Outbound	147	38
